breed,Images,url,Adaptability,ToleranceAlone,Friendliness,Health,Intelligence,ExerciseNeeds,TemperatureTolerance,ApartmentSuitability,Size,breed_group,AgeAverage
Afador,https://dogtime.com/wp-content/uploads/sites/12/2019/08/Screenshot-2023-07-01-at-10.23.34-PM-e1688264735488.png?w=1024,https://dogtime.com/dog-breeds/afador,2,3,3,3,5,4,3,1,4,Mixed Breed Dogs,11
Affenhuahua,https://dogtime.com/wp-content/uploads/sites/12/2020/02/affenhuahua-mixed-dog-breed-pictures-COVER.jpg,https://dogtime.com/dog-breeds/affenhuahua,3,1,3,4,3,3,2.5,2,1,Mixed Breed Dogs,15.5
Affenpinscher,https://dogtime.com/wp-content/uploads/sites/12/2011/01/GettyImages-1476309790-e1692208097483.jpg?w=1024,https://dogtime.com/dog-breeds/affenpinscher,3,1,3,4,4,4,3,3,1,Companion Dogs,13
Afghan Hound,https://dogtime.com/dog-breeds/afghan-hound,https://dogtime.com/dog-breeds/afghan-hound,4,2,4,3,4,4,5,3,4,Hound Dogs,11
Airedale Terrier,https://dogtime.com/wp-content/uploads/sites/12/2023/07/GettyImages-984151818-e1692537275682.jpg?w=1024,https://dogtime.com/dog-breeds/airedale-terrier,2,2,4,3,5,5,3,1,3,Terrier Dogs,11.5
Akbash,https://dogtime.com/wp-content/uploads/sites/12/2020/01/GettyImages-875253932-e1691932168310.jpg?w=1024,https://dogtime.com/dog-breeds/akbash,3,4,4,4,4,2,3,1,4,Working Dogs,11
Akita,https://dogtime.com/wp-content/uploads/sites/12/2024/01/GettyImages-1262676579-1-e1706034743817.jpg,https://dogtime.com/dog-breeds/akita,3,1,2,4,3,4,3.5,1,4,Working Dogs,11
Alaskan Klee Kai,https://dogtime.com/wp-content/uploads/sites/12/2023/09/GettyImages-1480829226-e1694013721239.jpg?w=1024,https://dogtime.com/dog-breeds/alaskan-klee-kai,3,2,3,4,4,4,3.5,1,2,Companion Dogs,14
Alaskan Malamute,https://dogtime.com/wp-content/uploads/sites/12/2023/08/GettyImages-1435474615-1-e1691930474231.jpg?w=1024,https://dogtime.com/dog-breeds/alaskan-malamute,2,1,4,4,4,5,3.5,1,4,Working Dogs,13.5
American Bulldog,https://dogtime.com/wp-content/uploads/sites/12/2023/09/GettyImages-1006968824-e1694633377768.jpg,https://dogtime.com/dog-breeds/american-bulldog,2,1,3,3,3,4,2,1,4,Working Dogs,13
American English Coonhound,https://dogtime.com/wp-content/uploads/sites/12/2024/01/GettyImages-1384868992-e1706539573466.jpg?w=1024,https://dogtime.com/dog-breeds/american-english-coonhound,3,2,5,4,4,5,4,1,3,Hound Dogs,11
American Eskimo Dog,https://dogtime.com/wp-content/uploads/sites/12/2011/01/file_23134_american-eskimo-dog.jpg,https://dogtime.com/dog-breeds/american-eskimo-dog,4,2,5,5,4,4,4,2,2,Companion Dogs,13.5
American Foxhound,https://dogtime.com/wp-content/uploads/sites/12/2023/08/GettyImages-1311847396-e1691373083166.jpg?w=1024,https://dogtime.com/dog-breeds/american-foxhound,2,1,5,5,3,5,4,1,3,Hound Dogs,12.5
American Leopard Hound,https://dogtime.com/wp-content/uploads/sites/12/2019/09/american-leopard-hound-dog-breed-picture-cover.jpg,https://dogtime.com/dog-breeds/american-leopard-hound,3,3,4,4,4,4,4,1,4,Hound Dogs,13.5
American Pit Bull Terrier,https://dogtime.com/wp-content/uploads/sites/12/2011/01/GettyImages-153000205-e1691974077142.jpg?w=1024,https://dogtime.com/dog-breeds/american-pit-bull-terrier,3,1,4,4,4,5,2.5,1,3,Terrier Dogs,14
American Pugabull,https://dogtime.com/wp-content/uploads/sites/12/2019/08/american-pugabull-mixed-dog-breed-pictures-cover.jpg,https://dogtime.com/dog-breeds/american-pugabull,3,1,4,2,3,4,2.5,1,3,Mixed Breed Dogs,13
American Staffordshire Terrier,https://dogtime.com/wp-content/uploads/sites/12/2023/09/GettyImages-1300301448-e1695306343981.jpg?w=1024,https://dogtime.com/dog-breeds/american-staffordshire-terrier,2,2,4,3,4,4,2.5,1,3,Terrier Dogs,12.5
American Water Spaniel,https://dogtime.com/wp-content/uploads/sites/12/2011/01/file_22954_american-water-spaniel.jpg,https://dogtime.com/dog-breeds/american-water-spaniel,3,1,4,3,3,4,3,1,3,Sporting Dogs,13.5
Anatolian Shepherd Dog,https://dogtime.com/wp-content/uploads/sites/12/2023/09/GettyImages-1477482048-e1694029026354.jpg?w=1024,https://dogtime.com/dog-breeds/anatolian-shepherd-dog,3,3,2,3,4,3,4,1,5,Working Dogs,12
Appenzeller Sennenhunde,https://dogtime.com/wp-content/uploads/sites/12/2023/09/GettyImages-1478460895-1-e1695405829147.jpg?w=1024,https://dogtime.com/dog-breeds/appenzeller-sennenhunde,3,1,4,4,4,4,4.5,1,3,Herding Dogs,10.5
Auggie,https://dogtime.com/wp-content/uploads/sites/12/2019/09/auggie-mixed-dog-breed-pictures-cover.jpg,https://dogtime.com/dog-breeds/auggie,3,3,5,3,5,5,3.5,1,3,Mixed Breed Dogs,13.5
Aussiedoodle,https://dogtime.com/wp-content/uploads/sites/12/2019/07/GettyImages-941172138-e1691704977623.jpg?w=1024,https://dogtime.com/dog-breeds/aussiedoodle,3,2,4,4,5,5,3,1,3,Mixed Breed Dogs,11.5
Aussiepom,https://dogtime.com/wp-content/uploads/sites/12/2019/07/aussiepom-mixed-dog-breed-pictures-cover.jpg,https://dogtime.com/dog-breeds/aussiepom,3,2,4,4,4,4,3,1,3,Mixed Breed Dogs,13.5
Australian Cattle Dog,https://dogtime.com/wp-content/uploads/sites/12/2011/01/GettyImages-1309830116-e1692992685110.jpg?w=1024,https://dogtime.com/dog-breeds/australian-cattle-dog,3,3,4,5,5,5,4,1,3,Herding Dogs,13.5
Australian Kelpie,https://dogtime.com/wp-content/uploads/sites/12/2018/04/GettyImages-1356399383-e1688346168527.jpg?w=1024,https://dogtime.com/dog-breeds/australian-kelpie,3,2,3,3,5,4,4,1,3,Herding Dogs,12.5
Australian Retriever,https://dogtime.com/wp-content/uploads/sites/12/2019/10/australian-retriever-mixed-dog-breed-pictures-cover.jpg,https://dogtime.com/dog-breeds/australian-retriever,3,2,4,4,4,4,4,1,4,Mixed Breed Dogs,13.5
Australian Shepherd,https://dogtime.com/wp-content/uploads/sites/12/2011/01/GettyImages-1310156914-e1691160249641.jpg?w=1024,https://dogtime.com/dog-breeds/australian-shepherd,3,2,4,2,5,5,4,1,3,Herding Dogs,13.5
Australian Shepherd Husky,https://dogtime.com/wp-content/uploads/sites/12/2019/12/australian-shepherd-husky-mixed-dog-breed-pictures-cover.jpg,https://dogtime.com/dog-breeds/australian-shepherd-husky,3,1,3,3,5,5,4.5,1,4,Mixed Breed Dogs,13.5
Australian Shepherd Lab Mix,https://dogtime.com/wp-content/uploads/sites/12/2019/12/australian-shepherd-lab-mixed-dog-breed-pictures-cover.jpg,https://dogtime.com/dog-breeds/australian-shepherd-lab-mix,4,4,4,4,5,5,4.5,1,4,Mixed Breed Dogs,13.5
Australian Shepherd Pit Bull Mix,https://dogtime.com/wp-content/uploads/sites/12/2020/01/australian-shepherd-pit-bull-mixed-dog-breed-pictures-cover.jpg,https://dogtime.com/dog-breeds/australian-shepherd-pit-bull-mix,3,2,4,4,4,4,3,1,4,Mixed Breed Dogs,13
Australian Terrier,https://dogtime.com/wp-content/uploads/sites/12/2023/09/GettyImages-1226717580-e1696002487688.jpg?w=1024,https://dogtime.com/dog-breeds/australian-terrier,3,2,3,5,4,5,3.5,2,1,Terrier Dogs,22.5
Azawakh,https://dogtime.com/wp-content/uploads/sites/12/2023/08/GettyImages-984961036-e1691178428955.jpg?w=1024,https://dogtime.com/dog-breeds/azawakh,3,3,3,3,3,3,3,3,3,Hound Dogs,13.5
Barbet,https://dogtime.com/wp-content/uploads/sites/12/2011/01/GettyImages-1182528738-e1695731334393.jpg?w=1024,https://dogtime.com/dog-breeds/barbet,3,1,4,4,4,4,4,1,3,Sporting Dogs,14
Basenji,https://dogtime.com/wp-content/uploads/sites/12/2023/08/GettyImages-996168400-e1691670212589.jpg?w=1024,https://dogtime.com/dog-breeds/basenji,4,4,5,2,4,3,2.5,3,2,Hound Dogs,11
Bassador,https://dogtime.com/wp-content/uploads/sites/12/2019/07/bassador-mixed-breed-dog-pictures-cover.jpg,https://dogtime.com/dog-breeds/bassador,3,3,3,3,3,3,4,1,4,Mixed Breed Dogs,11
Basset Fauve de Bretagne,https://dogtime.com/wp-content/uploads/sites/12/2019/09/GettyImages-136994252-e1709255514492.jpg,https://dogtime.com/dog-breeds/basset-fauve-de-bretagne,3,3,4,5,5,3,2,3,2,Hound Dogs,13.5
Basset Hound,https://dogtime.com/wp-content/uploads/sites/12/2011/01/GettyImages-623381516-e1691154788279.jpg,https://dogtime.com/dog-breeds/basset-hound,3,3,5,1,4,2,2,2,2,Hound Dogs,11
Basset Retriever,https://dogtime.com/wp-content/uploads/sites/12/2019/11/basset-retriever-mixed-dog-breed-pictures-cover.jpg,https://dogtime.com/dog-breeds/basset-retriever,3,2,4,4,5,4,4,1,3,Mixed Breed Dogs,11
Bavarian Mountain Scent Hound,https://dogtime.com/wp-content/uploads/sites/12/2023/08/GettyImages-615331764-e1691095708411.jpg?w=1024,https://dogtime.com/dog-breeds/bavarian-mountain-scent-hound,2,2,4,4,4,4,2.5,1,3,Hound Dogs,12
Beabull,https://dogtime.com/wp-content/uploads/sites/12/2019/12/beabull-mixed-dog-breed-pictures-cover.jpg,https://dogtime.com/dog-breeds/beabull,3,4,4,3,3,4,2,2,3,Mixed Breed Dogs,11.5
Beagle,https://dogtime.com/wp-content/uploads/sites/12/2023/11/GettyImages-157603001-e1701106766955.jpg?w=1024,https://dogtime.com/dog-breeds/beagle,3,1,5,1,4,5,3,2,2,Hound Dogs,12.5
Beaglier,https://dogtime.com/wp-content/uploads/sites/12/2023/09/Screen-Shot-2023-09-09-at-10.56.38-AM.png,https://dogtime.com/dog-breeds/beaglier,3,1,5,2,4,4,2.5,2,2,Mixed Breed Dogs,12.5
Bearded Collie,https://dogtime.com/wp-content/uploads/sites/12/2023/09/GettyImages-106395374-e1694029838848.jpg?w=1024,https://dogtime.com/dog-breeds/bearded-collie,3,2,5,3,4,4,3.5,1,3,Herding Dogs,13
Bedlington Terrier,https://dogtime.com/wp-content/uploads/sites/12/2023/09/GettyImages-952818676-1-e1695321471712.jpg?w=1024,https://dogtime.com/dog-breeds/bedlington-terrier,4,3,5,4,5,4,3.5,2,3,Terrier Dogs,15
Belgian Malinois,https://dogtime.com/wp-content/uploads/sites/12/2011/01/GettyImages-482598287-e1689368698804.jpg?w=1024,https://dogtime.com/dog-breeds/belgian-malinois,3,3,4,4,5,5,4,1,4,Herding Dogs,13
Belgian Sheepdog,https://dogtime.com/wp-content/uploads/sites/12/2023/09/GettyImages-1198791373-e1695840179194.jpg?w=1024,https://dogtime.com/dog-breeds/belgian-sheepdog,4,3,5,3,5,5,3.5,1,4,Herding Dogs,11
Belgian Tervuren,https://dogtime.com/wp-content/uploads/sites/12/2023/09/GettyImages-872002846-e1694032121253.jpg?w=1024,https://dogtime.com/dog-breeds/belgian-tervuren,3,1,3,3,5,4,3.5,1,4,Herding Dogs,11
Berger Picard,https://dogtime.com/wp-content/uploads/sites/12/2023/09/GettyImages-180391527-e1695061860356.jpg?w=1024,https://dogtime.com/dog-breeds/berger-picard,4,3,4,5,4,5,3.5,1,4,Herding Dogs,13.5
Bernedoodle,https://dogtime.com/wp-content/uploads/sites/12/2017/10/GettyImages-962709956-e1693706990967.jpg?w=1024,https://dogtime.com/dog-breeds/bernedoodle,3,2,4,4,5,4,4,1,3,Mixed Breed Dogs,15
Bernese Mountain Dog,https://dogtime.com/wp-content/uploads/sites/12/2023/11/GettyImages-537870596-e1701102761329.jpg?w=1024,https://dogtime.com/dog-breeds/bernese-mountain-dog,2,1,5,1,4,4,3,1,5,Working Dogs,8
Bichon Frise,https://dogtime.com/wp-content/uploads/sites/12/2011/01/GettyImages-514367196-e1692032817448.jpg,https://dogtime.com/dog-breeds/bichon-frise,4,1,5,4,4,4,3.5,3,2,Companion Dogs,13.5
Biewer Terrier,https://dogtime.com/wp-content/uploads/sites/12/2023/09/GettyImages-1569169973-e1694190546405.jpg?w=1024,https://dogtime.com/dog-breeds/biewer-terrier,3,3,4,4,4,4,2.5,2,1,Terrier Dogs,13.5
Black and Tan Coonhound,https://dogtime.com/wp-content/uploads/sites/12/2023/08/GettyImages-531223775-e1692805403967.jpg?w=1024,https://dogtime.com/dog-breeds/black-and-tan-coonhound,3,2,5,5,5,5,4,1,3,Hound Dogs,11
Black Mouth Cur,https://dogtime.com/wp-content/uploads/sites/12/2023/09/GettyImages-1440971786-1-e1695316015872.jpg,https://dogtime.com/dog-breeds/black-mouth-cur,3,2,4,4,4,4,3,1,4,Working Dogs,15
Black Russian Terrier,https://dogtime.com/wp-content/uploads/sites/12/2023/10/GettyImages-1187418372-1-1-e1697988547920.jpg?w=1024,https://dogtime.com/dog-breeds/black-russian-terrier,3,1,4,3,4,5,3.5,1,5,Working Dogs,10.5
Bloodhound,https://dogtime.com/wp-content/uploads/sites/12/2023/08/GettyImages-823894968-e1690932136652.jpg?w=1024,https://dogtime.com/dog-breeds/bloodhound,3,2,5,3,4,4,3,1,4,Hound Dogs,13
Blue Lacy,https://dogtime.com/wp-content/uploads/sites/12/2023/09/GettyImages-173549958-e1694386494868.jpg?w=1024,https://dogtime.com/dog-breeds/blue-lacy,3,2,3,4,5,5,4.5,1,3,Working Dogs,14
Bluetick Coonhound,https://dogtime.com/wp-content/uploads/sites/12/2023/09/GettyImages-483373049-e1694177883533.jpg?w=1024,https://dogtime.com/dog-breeds/bluetick-coonhound,3,2,4,4,4,5,3,1,3,Hound Dogs,11
Bocker,Nan,https://dogtime.com/dog-breeds/bocker,4,1,4,3,4,4,3.5,2,2,Mixed Breed Dogs,13.5
Boerboel,https://dogtime.com/wp-content/uploads/sites/12/2023/09/GettyImages-843641198-e1694186885578.jpg?w=1024,https://dogtime.com/dog-breeds/boerboel,2,2,3,4,4,4,3.5,1,5,Working Dogs,11
Boglen Terrier,https://dogtime.com/wp-content/uploads/sites/12/2024/01/Screen-Shot-2024-01-03-at-3.41.37-PM.png,https://dogtime.com/dog-breeds/boglen-terrier,3,2,5,3,2,5,2.5,2,2,Mixed Breed Dogs,12.5
Bolognese,https://dogtime.com/wp-content/uploads/sites/12/2023/10/GettyImages-142865646-1.jpg,https://dogtime.com/dog-breeds/bolognese,3,2,5,5,4,3,2.5,2,1,Companion Dogs,13
Borador,https://dogtime.com/wp-content/uploads/sites/12/2019/09/borador-mixed-dog-breed-pictures-cover.jpg,https://dogtime.com/dog-breeds/borador,3,2,4,3,5,4,3,1,4,Hybrid Dogs,12.5
Border Collie,https://dogtime.com/wp-content/uploads/sites/12/2023/09/GettyImages-164855910-1-e1694532950609.jpg?w=1024,https://dogtime.com/dog-breeds/border-collie,3,1,4,2,5,5,4,1,3,Herding Dogs,13.5
Border Sheepdog,https://dogtime.com/wp-content/uploads/sites/12/2019/11/border-sheepdog-mixed-dog-breed-pictures-cover.jpg,https://dogtime.com/dog-breeds/border-sheepdog,3,2,4,4,5,4,3,1,3,Mixed Breed Dogs,13.5
Border Terrier,https://dogtime.com/wp-content/uploads/sites/12/2011/01/GettyImages-1176073607-e1691420229477.jpg,https://dogtime.com/dog-breeds/border-terrier,3,1,4,4,5,5,3.5,3,2,Terrier Dogs,13.5
Bordoodle,https://dogtime.com/wp-content/uploads/sites/12/2019/09/bordoodle-mixed-dog-breed-pictures-cover.jpg,https://dogtime.com/dog-breeds/bordoodle,4,3,4,4,5,3,4,3,3,Mixed Breed Dogs,13.5
Borzoi,https://dogtime.com/wp-content/uploads/sites/12/2023/08/GettyImages-494422742-e1690935653749.jpg?w=1024,https://dogtime.com/dog-breeds/borzoi,4,1,4,4,4,2,3.5,3,5,Hound Dogs,11
BoShih,https://dogtime.com/wp-content/uploads/sites/12/2019/12/boshih-mixed-dog-breed-pictures-cover.jpg,https://dogtime.com/dog-breeds/boshih,3,1,3,3,3,3,2,3,2,Mixed Breed Dogs,13.5
Bossie,https://dogtime.com/wp-content/uploads/sites/12/2019/11/bossie-mixed-dog-breed-pictures-cover.jpg,https://dogtime.com/dog-breeds/bossie,3,5,4,3,4,5,3,1,3,Mixed Breed Dogs,13.5
Boston Boxer,https://dogtime.com/wp-content/uploads/sites/12/2020/01/boston-boxer-mixed-dog-breed-pictures-cover.jpg,https://dogtime.com/dog-breeds/boston-boxer,3,2,4,4,4,4,3,2,3,Mixed Breed Dogs,13.5
Boston Terrier,https://dogtime.com/wp-content/uploads/sites/12/2011/01/GettyImages-142527104-e1693833380980.jpg?w=1024,https://dogtime.com/dog-breeds/boston-terrier,4,3,5,4,4,5,2.5,2,2,Companion Dogs,14
Bouvier des Flandres,https://dogtime.com/wp-content/uploads/sites/12/2023/09/GettyImages-1246925205-e1694459937398.jpg?w=1024,https://dogtime.com/dog-breeds/bouvier-des-flandres,3,2,4,3,4,4,3,1,4,Herding Dogs,11
Boxador,https://dogtime.com/wp-content/uploads/sites/12/2019/08/boxador-mixed-dog-breed-pictures-cover.jpg,https://dogtime.com/dog-breeds/boxador,2,1,4,2,5,5,2,1,4,Mixed Breed Dogs,13.5
Boxer,https://dogtime.com/wp-content/uploads/sites/12/2023/08/GettyImages-463043655-1-e1692889076481.jpg?w=1024,https://dogtime.com/dog-breeds/boxer,3,1,4,2,4,5,1.5,2,3,Working Dogs,11
Boxerdoodle,https://dogtime.com/wp-content/uploads/sites/12/2019/09/boxerdoodle-mixed-dog-breed-pictures-cover.jpg,https://dogtime.com/dog-breeds/boxerdoodle,3,2,4,3,4,4,3,1,3,Mixed Breed Dogs,11
Boxmatian,https://dogtime.com/wp-content/uploads/sites/12/2019/09/boxmatian-mixed-dog-breed-pictures-cover.jpg,https://dogtime.com/dog-breeds/boxmatian,2,2,3,5,4,5,3,1,5,Mixed Breed Dogs,11.5
Boxweiler,https://dogtime.com/wp-content/uploads/sites/12/2019/12/boxweiler-mixed-dog-breed-pictures-cover.jpg,https://dogtime.com/dog-breeds/boxweiler,3,2,4,3,4,4,2.5,1,4,Mixed Breed Dogs,10.5
Boykin Spaniel,https://dogtime.com/wp-content/uploads/sites/12/2023/07/GettyImages-514726067-e1689183365138.jpg?w=1024,https://dogtime.com/dog-breeds/boykin-spaniel,3,3,4,2,4,5,3.5,1,3,Sporting Dogs,11
Bracco Italiano,https://dogtime.com/wp-content/uploads/sites/12/2023/09/GettyImages-1226161054-e1694267703286.jpg?w=1024,https://dogtime.com/dog-breeds/bracco-italiano,3,3,4,2,4,4,3,1,4,Sporting Dogs,12
Braque du Bourbonnais,https://dogtime.com/wp-content/uploads/sites/12/2023/09/Screen-Shot-2023-09-26-at-11.00.02-AM.png,https://dogtime.com/dog-breeds/braque-du-bourbonnais,2,2,4,4,4,4,2.5,1,3,Working Dogs,13.5
Briard,https://dogtime.com/wp-content/uploads/sites/12/2023/09/GettyImages-136209560-e1694502979550.jpg?w=1024,https://dogtime.com/dog-breeds/briard,3,3,4,3,4,4,3.5,1,4,Herding Dogs,11
Brittany,https://dogtime.com/wp-content/uploads/sites/12/2023/08/GettyImages-478873873-1-e1693194046688.jpg?w=1024,https://dogtime.com/dog-breeds/brittany,3,1,5,4,5,5,3.5,1,3,Sporting Dogs,11.5
Broholmer,https://dogtime.com/wp-content/uploads/sites/12/2023/09/GettyImages-1321452598-e1694301065136.jpg?w=1024,https://dogtime.com/dog-breeds/broholmer,3,3,4,4,4,3,3,1,5,Companion Dogs,10
Brussels Griffon,https://dogtime.com/wp-content/uploads/sites/12/2023/08/GettyImages-179861205-e1691003748400.jpg?w=1024,https://dogtime.com/dog-breeds/brussels-griffon,3,1,4,3,4,4,1.5,2,1,Companion Dogs,13.5
Bugg,https://dogtime.com/wp-content/uploads/sites/12/2019/12/bugg-mixed-dog-breed-pictures-cover.jpg,https://dogtime.com/dog-breeds/bugg,3,2,3,4,4,3,2.5,2,2,Mixed Breed Dogs,12.5
Bull-Pei,https://dogtime.com/wp-content/uploads/sites/12/2020/03/bull-pei-mixed-dog-breed-pictures-cover.jpg,https://dogtime.com/dog-breeds/bull-pei,2,3,2,3,2,2,1,3,3,Mixed Breed Dogs,10
Bull Terrier,https://dogtime.com/wp-content/uploads/sites/12/2011/01/GettyImages-171949422-e1688480338712.jpg,https://dogtime.com/dog-breeds/bull-terrier,3,2,5,4,4,5,2.5,3,2,Terrier Dogs,12.5
Bullador,https://dogtime.com/wp-content/uploads/sites/12/2020/02/bullador-mixed-dog-breed-pictures-cover.jpg,https://dogtime.com/dog-breeds/bullador,2,2,4,3,4,4,2,1,4,Mixed Breed Dogs,11
Bullboxer Pit,https://dogtime.com/wp-content/uploads/sites/12/2019/07/bullboxer-pit-mixed-dog-breed-pictures-cover.jpg,https://dogtime.com/dog-breeds/bullboxer-pit,2,2,3,4,4,5,2,1,3,Mixed Breed Dogs,12
Bulldog,https://dogtime.com/wp-content/uploads/sites/12/2011/01/GettyImages-168620477-e1691273341205.jpg?w=1024,https://dogtime.com/dog-breeds/bulldog,3,3,4,4,2,3,1,2,2,Companion Dogs,10
Bullmastiff,https://dogtime.com/wp-content/uploads/sites/12/2023/08/GettyImages-1352427667-e1690999364784.jpg?w=1024,https://dogtime.com/dog-breeds/bullmastiff,3,2,4,2,3,4,3,1,5,Working Dogs,9
Bullmatian,https://dogtime.com/wp-content/uploads/sites/12/2019/07/bullmation-mixed-dog-breed-pictures-cover.jpg,https://dogtime.com/dog-breeds/bullmatian,2,3,4,4,4,4,2,1,3,Mixed Breed Dogs,10
Cairn Terrier,https://dogtime.com/wp-content/uploads/sites/12/2011/01/GettyImages-510060506-e1689725025862.jpg?w=1024,https://dogtime.com/dog-breeds/cairn-terrier,4,1,5,4,5,5,4,2,1,Terrier Dogs,13.5
Canaan Dog,https://dogtime.com/wp-content/uploads/sites/12/2023/09/download-e1694642126180.jpg,https://dogtime.com/dog-breeds/canaan-dog,4,3,3,5,4,4,4,2,3,Herding Dogs,13.5
Cane Corso,https://dogtime.com/wp-content/uploads/sites/12/2014/08/GettyImages-1141876630-e1691880224156.jpg,https://dogtime.com/dog-breeds/cane-corso,2,1,3,3,5,4,3.5,1,4,Working Dogs,11
Cardigan Welsh Corgi,https://dogtime.com/wp-content/uploads/sites/12/2023/09/GettyImages-1446223089-1-e1695252647170.jpg?w=1024,https://dogtime.com/dog-breeds/cardigan-welsh-corgi,4,3,4,4,5,3,3.5,3,2,Herding Dogs,13.5
Catahoula Bulldog,https://dogtime.com/wp-content/uploads/sites/12/2019/08/GettyImages-485256453-e1710520093615.jpg?w=1024,https://dogtime.com/dog-breeds/catahoula-bulldog,2,3,3,4,3,5,3,1,4,Mixed Breed Dogs,12
Catahoula Leopard Dog,https://dogtime.com/wp-content/uploads/sites/12/2011/01/GettyImages-621482340-e1694712115798.jpg?w=1024,https://dogtime.com/dog-breeds/catahoula-leopard-dog,2,2,3,3,3,4,3,1,4,Herding Dogs,12
Caucasian Shepherd Dog,https://dogtime.com/wp-content/uploads/sites/12/2023/09/GettyImages-153484492-e1694628785728.jpg?w=1024,https://dogtime.com/dog-breeds/caucasian-shepherd-dog,3,3,3,3,4,3,3.5,1,5,Working Dogs,11
Cav-a-Jack,https://dogtime.com/wp-content/uploads/sites/12/2019/10/cav-a-jack-mixed-dog-breed-pictures-cover.jpg,https://dogtime.com/dog-breeds/cav-a-jack,3,1,4,3,4,4,3,2,2,Mixed Breed Dogs,14.5
Cavachon,https://dogtime.com/wp-content/uploads/sites/12/2019/08/cavachon-mixed-dog-breed-pictures-cover.jpg,https://dogtime.com/dog-breeds/cavachon,4,1,5,4,4,4,3,2,2,Mixed Breed Dogs,12.5
Cavador,https://dogtime.com/wp-content/uploads/sites/12/2019/08/cavador-mixed-dog-breed-pictures-cover.jpg,https://dogtime.com/dog-breeds/cavador,3,2,4,4,4,4,3,1,3,Mixed Breed Dogs,12
Cavalier King Charles Spaniel,https://dogtime.com/wp-content/uploads/sites/12/2011/01/GettyImages-114508551.jpg?w=1024,https://dogtime.com/dog-breeds/cavalier-king-charles-spaniel,4,1,5,4,4,4,2.5,2,2,Companion Dogs,12
Cavapoo,https://dogtime.com/wp-content/uploads/sites/12/2019/08/GettyImages-173255251-e1692542655509.jpg?w=1024,https://dogtime.com/dog-breeds/cavapoo,3,2,5,3,4,3,3.5,1,2,Mixed Breed Dogs,13.5
Cesky Terrier,https://dogtime.com/wp-content/uploads/sites/12/2023/10/GettyImages-1483197146-e1698431289792.jpg?w=1024,https://dogtime.com/dog-breeds/cesky-terrier,4,3,3,5,3,3,3,2,2,Terrier Dogs,12.5
Chabrador,https://dogtime.com/wp-content/uploads/sites/12/2019/08/chabrador-mixed-dog-breed-pictures-cover.jpg,https://dogtime.com/dog-breeds/chabrador,3,3,3,4,4,4,2.5,2,3,Mixed Breed Dogs,11
Cheagle,https://dogtime.com/wp-content/uploads/sites/12/2019/07/cheagle-mixed-dog-breed-pictures-cover.jpg,https://dogtime.com/dog-breeds/cheagle,3,1,3,3,4,4,1.5,2,2,Mixed Breed Dogs,12
Chesapeake Bay Retriever,https://dogtime.com/wp-content/uploads/sites/12/2023/08/GettyImages-1351309778-e1691157319495.jpg?w=1024,https://dogtime.com/dog-breeds/chesapeake-bay-retriever,3,2,3,4,4,5,4,1,3,Sporting Dogs,11
Chi Chi,https://dogtime.com/wp-content/uploads/sites/12/2020/01/chi-chi-mixed-dog-breed-pictures-cover.jpg,https://dogtime.com/dog-breeds/chi-chi,3,2,3,4,4,4,2.5,2,2,Mixed Breed Dogs,15.5
Chi-Poo,https://dogtime.com/wp-content/uploads/sites/12/2019/08/GettyImages-1176486702-e1710811043816.jpg?w=1024,https://dogtime.com/dog-breeds/chi-poo,4,4,4,2,5,3,2.5,2,2,Mixed Breed Dogs,13.5
Chigi,https://dogtime.com/wp-content/uploads/sites/12/2020/01/chigi-mixed-dog-breed-pictures-cover.jpg,https://dogtime.com/dog-breeds/chigi,3,2,4,3,4,4,2.5,1,1,Mixed Breed Dogs,13
Chihuahua,https://dogtime.com/wp-content/uploads/sites/12/2023/11/GettyImages-1329412827-e1701097258260.jpg?w=1024,https://dogtime.com/dog-breeds/chihuahua,3,1,4,2,4,3,1.5,2,1,Companion Dogs,14
Chilier,https://dogtime.com/wp-content/uploads/sites/12/2022/11/Chilier.jpg,https://dogtime.com/dog-breeds/chilier,3,2,4,4,4,4,2,2,2,Mixed Breed Dogs,14
Chinese Crested,https://dogtime.com/wp-content/uploads/sites/12/2011/01/GettyImages-1421387129-e1692205550412.jpg?w=1024,https://dogtime.com/dog-breeds/chinese-crested,3,1,4,5,3,2,2,2,2,Companion Dogs,12
Chinese Shar-Pei,https://dogtime.com/wp-content/uploads/sites/12/2023/09/GettyImages-597227541-e1695135121879.jpg?w=1024,https://dogtime.com/dog-breeds/chinese-shar-pei,3,4,2,1,2,2,1.5,2,3,Working Dogs,10
Chinook,https://dogtime.com/wp-content/uploads/sites/12/2023/08/GettyImages-1484936277-e1690933859165.jpg?w=1024,https://dogtime.com/dog-breeds/chinook,3,1,5,4,5,3,4.5,3,4,Working Dogs,13.5
Chion,https://dogtime.com/wp-content/uploads/sites/12/2020/01/chion-mixed-dog-breed-pictures-cover.jpg,https://dogtime.com/dog-breeds/chion,3,2,3,4,3,3,2.5,2,2,Mixed Breed Dogs,12.5
Chipin,https://dogtime.com/wp-content/uploads/sites/12/2019/07/chipin-mixed-dog-breed-pictures-cover.jpg,https://dogtime.com/dog-breeds/chipin,3,1,3,3,3,4,1.5,3,1,Mixed Breed Dogs,12
Chiweenie,https://dogtime.com/wp-content/uploads/sites/12/2019/07/GettyImages-1500430783-e1692662779466.jpg?w=1024,https://dogtime.com/dog-breeds/chiweenie,3,2,3,3,4,4,2.5,2,1,Mixed Breed Dogs,14
Chorkie,https://dogtime.com/wp-content/uploads/sites/12/2020/01/chorkie-mixed-dog-breed-pictures-cover.jpg,https://dogtime.com/dog-breeds/chorkie,3,1,3,3,3,4,1.5,2,1,Mixed Breed Dogs,13.5
Chow Chow,https://dogtime.com/wp-content/uploads/sites/12/2023/08/GettyImages-91735840-e1691246757938.jpg?w=1024,https://dogtime.com/dog-breeds/chow-chow,3,5,1,2,1,2,3.5,1,4,Working Dogs,13.5
Chow Shepherd,https://dogtime.com/wp-content/uploads/sites/12/2020/01/chow-shepherd-mixed-dog-breed-pictures-cover.jpg,https://dogtime.com/dog-breeds/chow-shepherd,3,2,3,3,3,5,4.5,1,4,Mixed Breed Dogs,13.5
Chug,https://dogtime.com/wp-content/uploads/sites/12/2019/07/GettyImages-490935941-e1695663470138.jpg?w=1024,https://dogtime.com/dog-breeds/chug,3,3,4,4,3,4,2.5,3,1,Mixed Breed Dogs,11.5
Chusky,https://dogtime.com/wp-content/uploads/sites/12/2019/08/chusky-mixed-dog-breed-pictures-cover.jpg,https://dogtime.com/dog-breeds/chusky,3,3,4,3,4,4,3.5,1,3,Mixed Breed Dogs,11.5
Cirneco dellâ€™Etna,https://dogtime.com/wp-content/uploads/sites/12/2023/09/GettyImages-873593792-e1694477734169.jpg?w=1024,https://dogtime.com/dog-breeds/cirneco-delletna,3,3,4,5,3,3,3,2,3,Companion Dogs,13
Clumber Spaniel,https://dogtime.com/wp-content/uploads/sites/12/2023/10/GettyImages-96823791-e1698679241418.jpg,https://dogtime.com/dog-breeds/clumber-spaniel,4,2,4,2,3,3,3.5,3,3,Sporting Dogs,12
Cockalier,https://dogtime.com/wp-content/uploads/sites/12/2019/10/cockalier-mixed-dog-breed-picture-cover.jpg,https://dogtime.com/dog-breeds/cockalier,3,2,4,4,4,4,2,3,2,Mixed Breed Dogs,13.5
Cockapoo,https://dogtime.com/wp-content/uploads/sites/12/2011/01/GettyImages-1207034679-1.jpg?w=1024,https://dogtime.com/dog-breeds/cockapoo,4,3,5,2,4,4,4,3,2,Hybrid Dogs,13.5
Cocker Spaniel,https://dogtime.com/wp-content/uploads/sites/12/2011/01/GettyImages-168362733-e1691522067206.jpg?w=1024,https://dogtime.com/dog-breeds/cocker-spaniel,4,1,4,4,4,3,3.5,2,2,Sporting Dogs,13.5
Collie,https://dogtime.com/wp-content/uploads/sites/12/2023/08/GettyImages-865592368-e1692904739165.jpg?w=1024,https://dogtime.com/dog-breeds/collie,4,2,5,3,4,3,3.5,1,3,Herding Dogs,12
Corgi Inu,https://dogtime.com/wp-content/uploads/sites/12/2019/08/corgi-inu-mixed-dog-breed-pictures-cover.jpg,https://dogtime.com/dog-breeds/corgi-inu,3,3,3,3,4,4,3,2,2,Mixed Breed Dogs,13.5
Corgidor,https://dogtime.com/wp-content/uploads/sites/12/2019/07/corgidor-mixed-dog-breed-pictures-cover.jpg,https://dogtime.com/dog-breeds/corgidor,3,3,4,4,5,4,3,1,3,Mixed Breed Dogs,12.5
Corman Shepherd,https://dogtime.com/wp-content/uploads/sites/12/2019/11/GettyImages-1179001853-e1709836185255.jpg?w=1024,https://dogtime.com/dog-breeds/corman-shepherd,3,3,4,3,5,4,3.5,1,3,Mixed Breed Dogs,12.5
Coton de Tulear,https://dogtime.com/wp-content/uploads/sites/12/2023/11/GettyImages-490473024-e1699994891842.jpg,https://dogtime.com/dog-breeds/coton-de-tulear,4,1,5,5,4,3,3,3,1,Companion Dogs,21
Curly-Coated Retriever,https://dogtime.com/wp-content/uploads/sites/12/2023/10/GettyImages-1204876364-e1698426594947.jpg?w=1024,https://dogtime.com/dog-breeds/curly-coated-retriever,3,3,4,2,5,4,4,1,3,Sporting Dogs,10.5
Dachsador,https://dogtime.com/wp-content/uploads/sites/12/2019/09/dachsador-mixed-dog-breed-pictures-cover.jpg,https://dogtime.com/dog-breeds/dachsador,3,2,4,4,4,4,3,3,2,Mixed Breed Dogs,13
Dachshund,https://dogtime.com/wp-content/uploads/sites/12/2011/01/GettyImages-700141990-e1688418771301.jpg,https://dogtime.com/dog-breeds/dachshund,3,3,3,2,4,3,2,2,1,Hound Dogs,13.5
Dalmatian,https://dogtime.com/wp-content/uploads/sites/12/2011/01/GettyImages-177292392-e1692667966241.jpg?w=1024,https://dogtime.com/dog-breeds/dalmatian,3,3,4,4,4,5,3.5,1,3,Companion Dogs,14.5
Dandie Dinmont Terrier,https://dogtime.com/wp-content/uploads/sites/12/2023/11/GettyImages-182665308-e1699630765162.jpg?w=1024,https://dogtime.com/dog-breeds/dandie-dinmont-terrier,3,2,4,3,3,3,3,3,1,Terrier Dogs,13.5
Daniff,https://dogtime.com/wp-content/uploads/sites/12/2019/11/daniff-mixed-dog-breed-pictures-cover.jpg,https://dogtime.com/dog-breeds/daniff,3,1,4,3,4,4,3.5,1,5,Mixed Breed Dogs,10
Deutscher Wachtelhund,https://dogtime.com/wp-content/uploads/sites/12/2019/10/GettyImages-180794233-e1708197323228.jpg,https://dogtime.com/dog-breeds/deutscher-wachtelhund,3,2,4,5,4,4,3.5,1,4,Sporting Dogs,13
Doberdor,https://dogtime.com/wp-content/uploads/sites/12/2019/08/doberdor-mixed-breed-dog-pictures-cover.jpg,https://dogtime.com/dog-breeds/doberdor,2,2,3,4,4,5,3,1,5,Mixed Breed Dogs,12
Doberman Pinscher,https://dogtime.com/wp-content/uploads/sites/12/2011/01/GettyImages-474330006-e1691273994614.jpg?w=1024,https://dogtime.com/dog-breeds/doberman-pinscher,3,2,3,1,5,4,2.5,1,4,Working Dogs,11.5
Docker,https://dogtime.com/wp-content/uploads/sites/12/2019/07/docker-mixed-dog-breed-pictures-cover.jpg,https://dogtime.com/dog-breeds/docker,3,2,3,3,4,3,3,1,2,Mixed Breed Dogs,13
Dogo Argentino,https://dogtime.com/wp-content/uploads/sites/12/2023/09/GettyImages-1189927950-e1695058009178.jpg?w=1024,https://dogtime.com/dog-breeds/dogo-argentino,2,2,3,3,3,4,3,1,4,Sporting Dogs,12
Dogue de Bordeaux,https://dogtime.com/wp-content/uploads/sites/12/2011/01/GettyImages-870835468-e1688165931787.jpg?w=1024,https://dogtime.com/dog-breeds/dogue-de-bordeaux,3,2,3,2,3,3,2.5,3,4,Working Dogs,10
Dorgi,https://dogtime.com/wp-content/uploads/sites/12/2019/08/dorgi-mixed-dog-breed-pictures-cover.jpg,https://dogtime.com/dog-breeds/dorgi,3,1,4,4,4,4,3.5,2,2,Mixed Breed Dogs,13.5
Dorkie,https://dogtime.com/wp-content/uploads/sites/12/2020/01/5818864337_54aff6a807_k-e1711057877276.jpg,https://dogtime.com/dog-breeds/dorkie,3,2,4,2,4,2,2,3,1,Mixed Breed Dogs,14.5
Doxiepoo,https://dogtime.com/wp-content/uploads/sites/12/2019/08/doxiepoo-mixed-dog-breed-pictures-cover.jpg,https://dogtime.com/dog-breeds/doxiepoo,3,2,3,4,5,4,3,2,2,Mixed Breed Dogs,12.5
Doxle,https://dogtime.com/wp-content/uploads/sites/12/2024/02/GettyImages-1296253583-e1708025763898.jpg?w=1024,https://dogtime.com/dog-breeds/doxle,3,1,5,4,4,5,3,1,3,Mixed Breed Dogs,13
Drentsche Patrijshond,https://dogtime.com/wp-content/uploads/sites/12/2024/03/GettyImages-488979219-e1710430789588.jpg?w=1024,https://dogtime.com/dog-breeds/drentsche-patrijshond,3,3,4,4,4,4,3.5,1,3,Working Dogs,12.5
Drever,https://dogtime.com/wp-content/uploads/sites/12/2023/09/GettyImages-1161618692-e1695350939289.jpg?w=1024,https://dogtime.com/dog-breeds/drever,3,2,4,5,4,4,2.5,2,3,Hound Dogs,13.5
Dutch Shepherd,https://dogtime.com/wp-content/uploads/sites/12/2023/10/GettyImages-1200407537-1-e1697827592829.jpg?w=1024,https://dogtime.com/dog-breeds/dutch-shepherd,3,2,4,4,4,4,4,1,3,Herding Dogs,13.5
English Cocker Spaniel,https://dogtime.com/wp-content/uploads/sites/12/2023/08/GettyImages-672429448-1-e1691168259563.jpg?w=1024,https://dogtime.com/dog-breeds/english-cocker-spaniel,4,1,5,4,5,4,3.5,2,2,Sporting Dogs,13
English Foxhound,https://dogtime.com/wp-content/uploads/sites/12/2023/09/GettyImages-175419423-e1693750736808.jpg,https://dogtime.com/dog-breeds/english-foxhound,3,4,4,4,3,5,3,1,3,Hound Dogs,11.5
English Setter,https://dogtime.com/wp-content/uploads/sites/12/2023/08/GettyImages-1186378289-e1691459172268.jpg?w=1024,https://dogtime.com/dog-breeds/english-setter,3,1,5,3,5,4,3.5,1,3,Sporting Dogs,13
English Springer Spaniel,https://dogtime.com/wp-content/uploads/sites/12/2023/09/GettyImages-1187748676-e1693582587759.jpg,https://dogtime.com/dog-breeds/english-springer-spaniel,3,1,5,3,5,5,3.5,1,3,Sporting Dogs,12
English Toy Spaniel,https://dogtime.com/wp-content/uploads/sites/12/2011/01/file_23106_english-toy-spaniel.jpg,https://dogtime.com/dog-breeds/english-toy-spaniel,3,1,4,2,3,3,2,2,2,Companion Dogs,11
Entlebucher Mountain Dog,https://dogtime.com/wp-content/uploads/sites/12/2023/09/GettyImages-1446374246-e1695303266393.jpg?w=1024,https://dogtime.com/dog-breeds/entlebucher-mountain-dog,3,3,4,3,4,5,3,1,3,Herding Dogs,11.5
Estrela Mountain Dog,https://dogtime.com/wp-content/uploads/sites/12/2023/08/GettyImages-1256997194-e1691757468416.jpg?w=1024,https://dogtime.com/dog-breeds/estrela-mountain-dog,3,3,4,4,5,3,3.5,1,4,Herding Dogs,13
Eurasier,https://dogtime.com/wp-content/uploads/sites/12/2023/08/GettyImages-506910133-e1691284962938.jpg?w=1024,https://dogtime.com/dog-breeds/eurasier,3,1,4,4,4,3,3.5,3,4,Companion Dogs,13
Field Spaniel,https://dogtime.com/wp-content/uploads/sites/12/2023/08/GettyImages-993615914-1-e1691887233572.jpg?w=1024,https://dogtime.com/dog-breeds/field-spaniel,3,1,5,3,5,5,3.5,1,2,Sporting Dogs,11
Finnish Lapphund,https://dogtime.com/wp-content/uploads/sites/12/2023/07/GettyImages-1064585256-e1693319513940.jpg,https://dogtime.com/dog-breeds/finnish-lapphund,4,2,5,4,5,5,3.5,2,3,Herding Dogs,13.5
Finnish Spitz,https://dogtime.com/wp-content/uploads/sites/12/2023/08/GettyImages-490054960-1-e1691172054332.jpg?w=1024,https://dogtime.com/dog-breeds/finnish-spitz,3,1,5,4,4,5,4,1,3,Sporting Dogs,13.5
Flat-Coated Retriever,https://dogtime.com/wp-content/uploads/sites/12/2023/10/GettyImages-1437669412-e1698601773598.jpg?w=1024,https://dogtime.com/dog-breeds/flat-coated-retriever,3,1,5,4,5,5,4,1,3,Sporting Dogs,11
Fox Terrier,https://dogtime.com/wp-content/uploads/sites/12/2024/01/GettyImages-828399432-e1705075052179.jpg?w=1024,https://dogtime.com/dog-breeds/fox-terrier,3,3,4,4,5,5,3.5,1,2,Terrier Dogs,12.5
French Bulldog,https://dogtime.com/wp-content/uploads/sites/12/2024/01/GettyImages-821730372-e1705934561973.jpg?w=1024,https://dogtime.com/dog-breeds/french-bulldog,3,1,4,2,3,4,1.5,2,2,Companion Dogs,12.5
French Spaniel,https://dogtime.com/wp-content/uploads/sites/12/2023/09/GettyImages-1186335905-e1696010191914.jpg?w=1024,https://dogtime.com/dog-breeds/french-spaniel,3,3,4,4,4,4,3,1,3,Sporting Dogs,11
Frenchton,https://dogtime.com/wp-content/uploads/sites/12/2020/01/frenchton-mixed-dog-breed-pictures-cover.jpg,https://dogtime.com/dog-breeds/frenchton,4,2,5,4,4,4,3,2,2,Mixed Breed Dogs,13.5
Frengle,https://dogtime.com/wp-content/uploads/sites/12/2020/02/frengle-mixed-dog-breed-pictures-cover.jpg,https://dogtime.com/dog-breeds/frengle,3,3,5,4,4,4,2,3,3,Mixed Breed Dogs,12.5
German Pinscher,https://dogtime.com/wp-content/uploads/sites/12/2023/10/GettyImages-1241525012-1-e1696424722713.jpg?w=1024,https://dogtime.com/dog-breeds/german-pinscher,3,3,3,4,5,5,3.5,1,3,Working Dogs,13
German Shepherd Dog,https://dogtime.com/wp-content/uploads/sites/12/2023/11/GettyImages-529202089-e1701095552546.jpg?w=1024,https://dogtime.com/dog-breeds/german-shepherd-dog,3,2,4,4,5,5,3.5,1,4,Herding Dogs,12
German Shepherd Pit Bull,https://dogtime.com/wp-content/uploads/sites/12/2020/02/german-shepherd-pit-bull-mixed-dog-breed-pictures-COVER.jpg,https://dogtime.com/dog-breeds/german-shepherd-pit-bull,2,1,5,4,5,5,3,1,4,Mixed Breed Dogs,11
German Sheprador,https://dogtime.com/wp-content/uploads/sites/12/2019/09/german-sheprador-mixed-dog-breed-pictures-cover.jpg,https://dogtime.com/dog-breeds/german-sheprador,3,2,5,3,5,5,4,1,4,Mixed Breed Dogs,11
German Shorthaired Pointer,https://dogtime.com/wp-content/uploads/sites/12/2023/07/GettyImages-1287712832-e1692459746136.jpg?w=1024,https://dogtime.com/dog-breeds/german-shorthaired-pointer,2,1,4,3,5,5,3,1,3,Sporting Dogs,13.5
German Spitz,https://dogtime.com/wp-content/uploads/sites/12/2023/09/GettyImages-1145716084-e1695412569891.jpg?w=1024,https://dogtime.com/dog-breeds/german-spitz,3,3,4,4,4,4,2.5,2,1,Companion Dogs,14
German Wirehaired Pointer,https://dogtime.com/wp-content/uploads/sites/12/2023/08/GettyImages-1370794115-e1693316668360.jpg?w=1024,https://dogtime.com/dog-breeds/german-wirehaired-pointer,3,2,3,4,5,5,3.5,1,4,Sporting Dogs,13
Giant Schnauzer,https://dogtime.com/wp-content/uploads/sites/12/2011/01/GettyImages-153483247.jpg,https://dogtime.com/dog-breeds/giant-schnauzer,2,2,3,4,4,4,3,1,4,Working Dogs,11
Glen of Imaal Terrier,https://dogtime.com/wp-content/uploads/sites/12/2023/09/GettyImages-154451984-e1693662214622.jpg?w=1024,https://dogtime.com/dog-breeds/glen-of-imaal-terrier,3,3,4,5,4,4,3.5,2,1,Terrier Dogs,13.5
Goberian,https://dogtime.com/wp-content/uploads/sites/12/2023/10/GettyImages-1321083270-e1696256621612.jpg?w=1024,https://dogtime.com/dog-breeds/goberian,3,2,4,4,5,5,3.5,1,4,Mixed Breed Dogs,12.5
Goldador,https://dogtime.com/wp-content/uploads/sites/12/2024/03/GettyImages-1360847842-e1709654744507.jpg?w=1024,https://dogtime.com/dog-breeds/goldador,4,4,5,4,5,5,4.5,1,4,Hybrid Dogs,12.5
Golden Cocker Retriever,https://dogtime.com/wp-content/uploads/sites/12/2019/10/golden-cocker-retriever-mixed-dog-breed-pictures-cover-1.jpg,https://dogtime.com/dog-breeds/golden-cocker-retriever,3,1,4,4,4,4,3,1,3,Mixed Breed Dogs,13.5
Golden Mountain Dog,https://dogtime.com/wp-content/uploads/sites/12/2024/01/GettyImages-1000435950-e1705593968178.jpg?w=1024,https://dogtime.com/dog-breeds/golden-mountain-dog,2,2,4,3,4,4,3,1,5,Mixed Breed Dogs,12
Golden Retriever,https://dogtime.com/wp-content/uploads/sites/12/2024/03/GettyImages-1285465107-e1710251441662.jpg?w=1024,https://dogtime.com/dog-breeds/golden-retriever,3,1,5,2,5,4,3,1,3,Sporting Dogs,11
Golden Retriever Corgi,https://dogtime.com/wp-content/uploads/sites/12/2020/01/golden-retriever-corgi-mixed-dog-breed-pictures-cover.jpg,https://dogtime.com/dog-breeds/golden-retriever-corgi,3,3,5,3,4,4,3,1,3,Mixed Breed Dogs,11.5
Golden Shepherd,https://dogtime.com/wp-content/uploads/sites/12/2024/01/Screen-Shot-2024-01-18-at-1.14.53-PM.png,https://dogtime.com/dog-breeds/golden-shepherd,3,1,5,3,5,5,4.5,1,5,Mixed Breed Dogs,12
Goldendoodle,https://dogtime.com/wp-content/uploads/sites/12/2011/01/GettyImages-142805141-e1689614063230.jpg?w=1024,https://dogtime.com/dog-breeds/goldendoodle,3,3,5,3,5,4,3,1,4,Hybrid Dogs,12.5
Gollie,https://dogtime.com/wp-content/uploads/sites/12/2019/09/gollie-mixed-dog-breed-pictures-1-1.jpg,https://dogtime.com/dog-breeds/gollie,3,2,5,3,4,4,3,1,3,Mixed Breed Dogs,13.5
Gordon Setter,https://dogtime.com/wp-content/uploads/sites/12/2023/09/GettyImages-1297799155-e1694182101120.jpg?w=1024,https://dogtime.com/dog-breeds/gordon-setter,3,1,3,4,5,4,3.5,1,3,Sporting Dogs,11
Great Dane,https://dogtime.com/wp-content/uploads/sites/12/2024/01/GettyImages-1372212075-e1705674944967.jpg?w=1024,https://dogtime.com/dog-breeds/great-dane,2,1,5,4,3,5,2.5,1,5,Working Dogs,8.5
Great Pyrenees,https://dogtime.com/wp-content/uploads/sites/12/2023/11/GettyImages-1392624178-e1699369134229.jpg?w=1024,https://dogtime.com/dog-breeds/great-pyrenees,3,3,4,2,4,5,4,1,5,Working Dogs,11
Greater Swiss Mountain Dog,https://dogtime.com/wp-content/uploads/sites/12/2023/10/GettyImages-481853236-e1696252573739.jpg?w=1024,https://dogtime.com/dog-breeds/greater-swiss-mountain-dog,3,3,5,2,3,4,3,1,5,Working Dogs,8
Greyador,https://dogtime.com/wp-content/uploads/sites/12/2020/02/greyador-mixed-dog-breed-pictures-COVER.jpg,https://dogtime.com/dog-breeds/greyador,3,1,5,4,5,4,2,1,4,Mixed Breed Dogs,12
Greyhound,https://dogtime.com/wp-content/uploads/sites/12/2011/01/GettyImages-1307444886-e1689603365467.jpg?w=1024,https://dogtime.com/dog-breeds/greyhound,3,1,5,4,5,4,3,3,4,Hound Dogs,13.5
Hamiltonstovare,https://dogtime.com/wp-content/uploads/sites/12/2019/12/Hamiltonstovare-dog-breed-pictures-cover.jpg,https://dogtime.com/dog-breeds/hamiltonstovare,3,3,4,4,4,4,3,1,3,Hound Dogs,15.5
Hanoverian Scenthound,https://dogtime.com/wp-content/uploads/sites/12/2019/11/Hanoverian-Scenthound-dog-breed-pictures-cover.jpg,https://dogtime.com/dog-breeds/hanoverian-scenthound,3,3,4,4,4,4,3,1,4,Working Dogs,13
Harrier,https://dogtime.com/wp-content/uploads/sites/12/2011/01/GettyImages-478594617-e1708826665721.jpg?w=1024,https://dogtime.com/dog-breeds/harrier,3,3,5,5,4,5,3.5,1,3,Hound Dogs,11
Havanese,https://dogtime.com/wp-content/uploads/sites/12/2011/01/GettyImages-1188952756-e1693150813872.jpg?w=1024,https://dogtime.com/dog-breeds/havanese,4,1,5,3,4,3,3.5,3,2,Companion Dogs,13.5
Hokkaido,https://dogtime.com/wp-content/uploads/sites/12/2023/10/Screen-Shot-2023-10-06-at-10.25.31-AM-1-e1696602900421.png,https://dogtime.com/dog-breeds/hokkaido,3,3,4,5,4,3,3.5,1,3,Working Dogs,12
Horgi,https://dogtime.com/wp-content/uploads/sites/12/2019/08/horgi-mixed-dog-breed-pictures-cover.jpg,https://dogtime.com/dog-breeds/horgi,3,2,5,3,4,4,3.5,1,2,Mixed Breed Dogs,13.5
Huskita,https://dogtime.com/wp-content/uploads/sites/12/2019/12/Huskita-Collage-e1710445440763.jpg,https://dogtime.com/dog-breeds/huskita,3,1,3,4,3,5,4,1,4,Mixed Breed Dogs,11.5
Huskydoodle,"https://dogtime.com/wp-content/uploads/sites/12/2024/01/GettyImages-980012224.jpg?resize=2048,1357",https://dogtime.com/dog-breeds/huskydoodle,3,2,4,4,5,5,3.5,1,3,Mixed Breed Dogs,12
Ibizan Hound,https://dogtime.com/wp-content/uploads/sites/12/2011/01/GettyImages-524728700-e1694569218246.jpg?w=1024,https://dogtime.com/dog-breeds/ibizan-hound,3,2,5,4,4,5,2.5,3,3,Hound Dogs,12
Icelandic Sheepdog,https://dogtime.com/wp-content/uploads/sites/12/2011/01/GettyImages-1249910553-2.jpg,https://dogtime.com/dog-breeds/icelandic-sheepdog,3,2,3,3,4,4,4,1,3,Herding Dogs,14.5
Irish Red and White Setter,https://dogtime.com/wp-content/uploads/sites/12/2023/07/Screen-Shot-2023-07-11-at-10.56.38-AM-e1692452682474.png,https://dogtime.com/dog-breeds/irish-red-and-white-setter,3,1,4,2,4,5,3.5,1,3,Sporting Dogs,12
Irish Setter,https://dogtime.com/wp-content/uploads/sites/12/2011/01/GettyImages-986376406-e1692813099422.jpg?w=1024,https://dogtime.com/dog-breeds/irish-setter,3,2,5,2,5,5,3.5,1,4,Sporting Dogs,13
Irish Terrier,https://dogtime.com/wp-content/uploads/sites/12/2023/09/GettyImages-1075596616-e1694717947452.jpg?w=1024,https://dogtime.com/dog-breeds/irish-terrier,3,2,4,5,4,5,4,1,3,Terrier Dogs,14
Irish Water Spaniel,https://dogtime.com/wp-content/uploads/sites/12/2011/01/14770260620_a14323c80b_h-e1696226376292.jpg,https://dogtime.com/dog-breeds/irish-water-spaniel,3,3,5,2,4,4,4,1,3,Sporting Dogs,11
Irish Wolfhound,https://dogtime.com/wp-content/uploads/sites/12/2023/09/GettyImages-802294198-e1694543128527.jpg?w=1024,https://dogtime.com/dog-breeds/irish-wolfhound,2,2,5,1,4,3,3,1,5,Hound Dogs,7
Italian Greyhound,https://dogtime.com/wp-content/uploads/sites/12/2011/01/GettyImages-1173875200-e1692375001305.jpg?w=1024,https://dogtime.com/dog-breeds/italian-greyhound,3,1,5,3,3,4,2,2,2,Companion Dogs,14.5
Jack-A-Poo,https://dogtime.com/wp-content/uploads/sites/12/2020/02/jack-a-poo-mixed-dog-breed-pictures-cover.jpg,https://dogtime.com/dog-breeds/jack-a-poo,4,2,5,3,5,5,4,2,2,Mixed Breed Dogs,13.5
Jack Chi,https://dogtime.com/wp-content/uploads/sites/12/2019/07/jack-chi-mixed-dog-breed-pictures-cover.jpg,https://dogtime.com/dog-breeds/jack-chi,3,3,4,4,4,4,3,3,2,Mixed Breed Dogs,15.5
Jack Russell Terrier,https://dogtime.com/wp-content/uploads/sites/12/2011/01/GettyImages-1165035381-e1691077727532.jpg?w=1024,https://dogtime.com/dog-breeds/jack-russell-terrier,3,3,5,4,5,5,3.5,1,2,Terrier Dogs,12.5
Japanese Chin,https://dogtime.com/wp-content/uploads/sites/12/2023/11/GettyImages-987920506-e1700238374981.jpg?w=1024,https://dogtime.com/dog-breeds/japanese-chin,3,1,3,3,3,2,2.5,2,1,Companion Dogs,12
Japanese Spitz,https://dogtime.com/wp-content/uploads/sites/12/2023/10/GettyImages-1489388446-e1698507707274.jpg?w=1024,https://dogtime.com/dog-breeds/japanese-spitz,3,2,4,3,4,3,3.5,2,2,Companion Dogs,13
Korean Jindo Dog,https://dogtime.com/wp-content/uploads/sites/12/2018/10/GettyImages-154265953-e1695054866660.jpg?w=1024,https://dogtime.com/dog-breeds/jindo,3,2,4,4,5,4,3.5,1,3,Sporting Dogs,13.5
Karelian Bear Dog,https://dogtime.com/wp-content/uploads/sites/12/2023/08/Screen-Shot-2023-08-19-at-10.09.56-AM-e1692454226742.png,https://dogtime.com/dog-breeds/karelian-bear-dog,3,2,3,4,4,4,4,1,3,Working Dogs,11.5
Keeshond,https://dogtime.com/wp-content/uploads/sites/12/2023/09/GettyImages-954286436-e1695823345532.jpg?w=1024,https://dogtime.com/dog-breeds/keeshond,4,1,5,3,4,4,4,2,3,Companion Dogs,13.5
Kerry Blue Terrier,https://dogtime.com/wp-content/uploads/sites/12/2011/01/GettyImages-1297190480-e1709252365876.jpg?w=1024,https://dogtime.com/dog-breeds/kerry-blue-terrier,3,3,4,3,4,4,3.5,1,3,Terrier Dogs,13.5
Komondor,https://dogtime.com/wp-content/uploads/sites/12/2023/07/GettyImages-1250679406-e1692462057758.jpg,https://dogtime.com/dog-breeds/komondor,3,1,3,2,4,3,3.5,1,4,Working Dogs,11
Kooikerhondje,https://dogtime.com/wp-content/uploads/sites/12/2023/09/Screen-Shot-2023-09-26-at-2.08.42-PM-e1695751772791.png,https://dogtime.com/dog-breeds/kooikerhondje,3,2,2,5,4,5,3.5,2,3,Sporting Dogs,13
Kuvasz,https://dogtime.com/wp-content/uploads/sites/12/2023/09/GettyImages-1448544277-e1694629203459.jpg?w=1024,https://dogtime.com/dog-breeds/kuvasz,3,1,2,4,4,4,3.5,1,5,Working Dogs,11
Kyi-Leo,https://dogtime.com/wp-content/uploads/sites/12/2019/07/kyi-leo-mixed-dog-breed-pictures-cover.jpg,https://dogtime.com/dog-breeds/kyi-leo,4,4,4,3,3,3,3.5,2,2,Mixed Breed Dogs,14
Lab Pointer,https://dogtime.com/wp-content/uploads/sites/12/2019/09/lab-pointer-mixed-dog-breed-pictures-cover.jpg,https://dogtime.com/dog-breeds/lab-pointer,3,1,4,4,4,4,4,1,4,Mixed Breed Dogs,12.5
Labernese,https://dogtime.com/wp-content/uploads/sites/12/2019/08/labernese-mixed-dog-breed-pictures-cover.jpg,https://dogtime.com/dog-breeds/labernese,3,1,4,2,4,4,3,1,4,Mixed Breed Dogs,9
Labmaraner,https://dogtime.com/wp-content/uploads/sites/12/2019/08/labmaraner-mixed-dog-breed-pictures-cover.jpg,https://dogtime.com/dog-breeds/labmaraner,3,1,4,4,4,4,3,1,4,Mixed Breed Dogs,11
Labrabull,https://dogtime.com/wp-content/uploads/sites/12/2019/08/Labrabull-mixed-dog-breed-pictures-cover.jpg,https://dogtime.com/dog-breeds/labrabull,3,1,4,3,5,5,3,1,4,Mixed Breed Dogs,12
Labradane,https://dogtime.com/wp-content/uploads/sites/12/2019/07/labradane-mixed-dog-breed-pictures-cover.jpg,https://dogtime.com/dog-breeds/labradane,3,2,4,4,4,4,4,1,5,Mixed Breed Dogs,10
Labradoodle,https://dogtime.com/wp-content/uploads/sites/12/2011/01/GettyImages-1208092301-e1692490137729.jpg,https://dogtime.com/dog-breeds/labradoodle,4,4,5,4,4,5,4.5,1,4,Hybrid Dogs,13
Labrador Retriever,https://dogtime.com/wp-content/uploads/sites/12/2024/01/GettyImages-590608307-e1706029609404.jpg?w=1024,https://dogtime.com/dog-breeds/labrador-retriever,3,2,5,3,5,5,3,1,4,Sporting Dogs,11
Labrastaff,https://dogtime.com/wp-content/uploads/sites/12/2019/09/labrastaff-mixed-dog-breed-picture-cover.jpg,https://dogtime.com/dog-breeds/labrastaff,3,1,4,4,4,4,3,1,4,Mixed Breed Dogs,12
Labsky,https://dogtime.com/wp-content/uploads/sites/12/2019/07/labsky-mixed-dog-breed-pictures-cover.jpg,https://dogtime.com/dog-breeds/labsky,2,2,4,3,5,5,3,1,4,Mixed Breed Dogs,11
Lagotto Romagnolo,https://dogtime.com/wp-content/uploads/sites/12/2023/10/GettyImages-1211722924-2-e1697045871165.jpg?w=1024,https://dogtime.com/dog-breeds/lagotto-romagnolo,3,3,3,4,4,4,3.5,1,2,Sporting Dogs,15.5
Lakeland Terrier,https://dogtime.com/wp-content/uploads/sites/12/2023/09/GettyImages-1316778991-e1694448033355.jpg,https://dogtime.com/dog-breeds/lakeland-terrier,3,2,4,5,4,4,4,3,2,Terrier Dogs,13.5
Lancashire Heeler,https://dogtime.com/wp-content/uploads/sites/12/2023/09/GettyImages-1432487561-e1694451218118.jpg?w=1024,https://dogtime.com/dog-breeds/lancashire-heeler,3,3,3,4,4,4,3,1,1,Herding Dogs,11.5
Leonberger,https://dogtime.com/wp-content/uploads/sites/12/2023/09/GettyImages-1222400991-e1694096032487.jpg?w=1024,https://dogtime.com/dog-breeds/leonberger,2,2,4,1,3,4,3,1,5,Working Dogs,11
Lhasa Apso,https://dogtime.com/wp-content/uploads/sites/12/2023/08/GettyImages-1483197154-e1693252246421.jpg?w=1024,https://dogtime.com/dog-breeds/lhasa-apso,4,4,3,3,4,4,2.5,2,1,Companion Dogs,13.5
Lhasapoo,https://dogtime.com/wp-content/uploads/sites/12/2020/02/lhasapoo-mixed-dog-breed-pictures-cover.jpg,https://dogtime.com/dog-breeds/lhasapoo,3,2,3,4,5,4,3,2,3,Mixed Breed Dogs,12.5
Lowchen,https://dogtime.com/wp-content/uploads/sites/12/2023/11/GettyImages-899407726-e1700520507319.jpg,https://dogtime.com/dog-breeds/lowchen,3,1,5,5,4,4,3,2,1,Companion Dogs,14
Maltese,https://dogtime.com/wp-content/uploads/sites/12/2023/09/GettyImages-1160956147-e1694625569541.jpg,https://dogtime.com/dog-breeds/maltese,3,1,4,3,4,3,2,3,1,Companion Dogs,13.5
Maltese Shih Tzu,https://dogtime.com/wp-content/uploads/sites/12/2023/10/GettyImages-184919092-e1698683026132.jpg?w=1024,https://dogtime.com/dog-breeds/maltese-shih-tzu,3,3,3,2,3,3,2,2,1,Hybrid Dogs,13
Maltipoo,https://dogtime.com/wp-content/uploads/sites/12/2011/01/GettyImages-1455758529-e1688370717758.jpg?w=1024,https://dogtime.com/dog-breeds/maltipoo,4,1,4,2,4,3,2.5,2,2,Hybrid Dogs,11.5
Manchester Terrier,https://dogtime.com/wp-content/uploads/sites/12/2023/09/GettyImages-130848030-e1694618735168.jpg?w=1024,https://dogtime.com/dog-breeds/manchester-terrier,3,3,3,2,4,4,2,2,2,Terrier Dogs,15
Mastador,https://dogtime.com/wp-content/uploads/sites/12/2019/09/mastador-mixed-dog-breed-picture-cover.jpg,https://dogtime.com/dog-breeds/mastador,3,3,4,4,4,4,3,1,4,Mixed Breed Dogs,11
Mastiff,https://dogtime.com/wp-content/uploads/sites/12/2023/11/GettyImages-1489183592-e1700234254918.jpg?w=1024,https://dogtime.com/dog-breeds/mastiff,2,3,4,3,2,4,2.5,1,5,Working Dogs,8
Miniature Pinscher,https://dogtime.com/wp-content/uploads/sites/12/2011/01/GettyImages-661905012-e1691245589685.jpg,https://dogtime.com/dog-breeds/miniature-pinscher,3,2,3,3,3,4,2,3,1,Companion Dogs,12
Miniature Schnauzer,https://dogtime.com/wp-content/uploads/sites/12/2011/01/GettyImages-512630175-e1692383207927.jpg,https://dogtime.com/dog-breeds/miniature-schnauzer,4,5,4,3,4,4,4,2,2,Terrier Dogs,13
Morkie,https://dogtime.com/wp-content/uploads/sites/12/2024/01/GettyImages-1468426253-e1706024827584.jpg?w=1024,https://dogtime.com/dog-breeds/morkie,3,2,3,4,4,4,2.5,1,1,Mixed Breed Dogs,12
Mudi,https://dogtime.com/wp-content/uploads/sites/12/2018/04/GettyImages-1489267483-e1694449407987.jpg?w=1024,https://dogtime.com/dog-breeds/mudi,3,2,3,4,4,4,3,1,2,Herding Dogs,13
Mutt,https://dogtime.com/wp-content/uploads/sites/12/2011/01/file_23228_mutt.jpg,https://dogtime.com/dog-breeds/mutt,3,3,3,4,4,3,3,1,3,Mixed Breed Dogs,11.5
Neapolitan Mastiff,https://dogtime.com/wp-content/uploads/sites/12/2023/09/GettyImages-158773964-e1694440082632.jpg?w=1024,https://dogtime.com/dog-breeds/neapolitan-mastiff,2,1,3,2,3,3,1.5,1,5,Working Dogs,9
Newfoundland,https://dogtime.com/wp-content/uploads/sites/12/2011/01/GettyImages-971166282-e1693688303846.jpg?w=1024,https://dogtime.com/dog-breeds/newfoundland,3,1,5,1,4,3,3.5,1,5,Working Dogs,9
Norfolk Terrier,https://dogtime.com/wp-content/uploads/sites/12/2011/01/GettyImages-177762710-e1695912786803.jpg,https://dogtime.com/dog-breeds/norfolk-terrier,4,3,5,5,4,4,4,2,1,Terrier Dogs,13.5
Norwegian Buhund,https://dogtime.com/wp-content/uploads/sites/12/2024/02/GettyImages-1437317346-e1708448344400.jpg?w=1024,https://dogtime.com/dog-breeds/norwegian-buhund,3,4,4,4,3,5,3.5,1,3,Herding Dogs,13.5
Norwegian Elkhound,https://dogtime.com/wp-content/uploads/sites/12/2023/09/GettyImages-998836628-e1694711983854.jpg?w=1024,https://dogtime.com/dog-breeds/norwegian-elkhound,4,2,4,4,4,4,4,2,3,Hound Dogs,13.5
Norwegian Lundehund,https://dogtime.com/wp-content/uploads/sites/12/2011/01/GettyImages-187452016-e1692375524799.jpg,https://dogtime.com/dog-breeds/norwegian-lundehund,3,2,5,3,5,5,4,1,3,Working Dogs,11
Norwich Terrier,https://dogtime.com/wp-content/uploads/sites/12/2023/09/GettyImages-187066830-e1693694782266.jpg?w=1024,https://dogtime.com/dog-breeds/norwich-terrier,4,2,5,4,4,5,4,2,1,Terrier Dogs,12
Nova Scotia Duck Tolling Retriever,https://dogtime.com/wp-content/uploads/sites/12/2023/07/GettyImages-1280594384-1-e1692383020758.jpg?w=1024,https://dogtime.com/dog-breeds/nova-scotia-duck-tolling-retriever,4,2,5,4,5,5,4,2,3,Sporting Dogs,12
Old English Sheepdog,https://dogtime.com/wp-content/uploads/sites/12/2023/12/GettyImages-93392743-e1702002148104.jpg?w=1024,https://dogtime.com/dog-breeds/old-english-sheepdog,4,2,4,4,4,4,3,3,4,Herding Dogs,11
Otterhound,https://dogtime.com/wp-content/uploads/sites/12/2011/01/file_23034_otterhound.jpg,https://dogtime.com/dog-breeds/otterhound,3,5,5,4,4,5,3.5,1,4,Hound Dogs,11
Papillon,https://dogtime.com/wp-content/uploads/sites/12/2011/01/GettyImages-919583490-e1692807780270.jpg?w=1024,https://dogtime.com/dog-breeds/papillon,3,1,4,3,4,4,3,3,1,Companion Dogs,14
Papipoo,https://dogtime.com/wp-content/uploads/sites/12/2020/01/papipoo-mixed-dog-breed-pictures-cover-1.jpg,https://dogtime.com/dog-breeds/papipoo,4,1,4,3,5,5,3,3,1,Mixed Breed Dogs,12
Peekapoo,https://dogtime.com/wp-content/uploads/sites/12/2011/01/file_23222_peekapoo.jpg,https://dogtime.com/dog-breeds/peekapoo,4,2,4,3,4,3,2.5,2,1,Hybrid Dogs,12.5
Pekingese,https://dogtime.com/wp-content/uploads/sites/12/2023/11/GettyImages-592689430-e1701106534817.jpg?w=1024,https://dogtime.com/dog-breeds/pekingese,3,3,3,2,4,2,2.5,2,1,Companion Dogs,13.5
Pembroke Welsh Corgi,https://dogtime.com/wp-content/uploads/sites/12/2011/01/GettyImages-1193591781-e1689606163833.jpg?w=1024,https://dogtime.com/dog-breeds/pembroke-welsh-corgi,4,3,4,3,5,4,3.5,3,2,Herding Dogs,13
Petit Basset Griffon Vendeen,https://dogtime.com/wp-content/uploads/sites/12/2011/01/GettyImages-1326613987-e1710166248668.jpg?w=1024,https://dogtime.com/dog-breeds/petit-basset-griffon-vendeen,3,3,5,3,4,5,3.5,2,2,Hound Dogs,21
Pharaoh Hound,https://dogtime.com/wp-content/uploads/sites/12/2023/09/GettyImages-87733113-e1694530361947.jpg?w=1024,https://dogtime.com/dog-breeds/pharaoh-hound,4,2,5,5,4,3,3,2,3,Hound Dogs,12.5
Pitsky,https://dogtime.com/wp-content/uploads/sites/12/2019/07/pitsky-mixed-dog-breed-pictures-cover.jpg,https://dogtime.com/dog-breeds/pitsky,2,1,5,4,3,5,3,1,3,Mixed Breed Dogs,14
Plott,https://dogtime.com/wp-content/uploads/sites/12/2024/01/GettyImages-1249959818-1-e1705507108397.jpg?w=1024,https://dogtime.com/dog-breeds/plott,2,2,4,5,3,4,3,1,3,Hound Dogs,13
Pocket Beagle,https://dogtime.com/wp-content/uploads/sites/12/2024/01/GettyImages-106558201-e1704373936986.jpg?w=1024,https://dogtime.com/dog-breeds/pocket-beagle,3,2,5,3,4,4,3,2,2,Hound Dogs,15
Pointer,https://dogtime.com/wp-content/uploads/sites/12/2023/08/GettyImages-130406055-e1693514779447.jpg?w=1024,https://dogtime.com/dog-breeds/pointer,2,1,5,3,5,5,3,1,3,Sporting Dogs,13.5
Polish Lowland Sheepdog,https://dogtime.com/wp-content/uploads/sites/12/2023/09/GettyImages-1179752527-e1695392708571.jpg,https://dogtime.com/dog-breeds/polish-lowland-sheepdog,4,3,4,4,4,4,4,3,3,Herding Dogs,11
Pomapoo,https://dogtime.com/wp-content/uploads/sites/12/2019/08/GettyImages-1255276036-e1707598584889.jpg?w=1024,https://dogtime.com/dog-breeds/pomapoo,3,1,4,3,4,3,2.5,2,1,Mixed Breed Dogs,13.5
Pomchi,https://dogtime.com/wp-content/uploads/sites/12/2019/08/pomchi-mixed-dog-breed-pictures-cover.jpg,https://dogtime.com/dog-breeds/pomchi,3,3,3,5,4,4,3,2,1,Mixed Breed Dogs,15
Pomeagle,https://dogtime.com/wp-content/uploads/sites/12/2019/08/pomeagle-mixed-dog-breed-pictures-cover.jpg,https://dogtime.com/dog-breeds/pomeagle,3,1,4,3,2,4,2.5,2,1,Mixed Breed Dogs,13.5
Pomeranian,https://dogtime.com/wp-content/uploads/sites/12/2011/01/GettyImages-654892254-e1689593598708.jpg?w=1024,https://dogtime.com/dog-breeds/pomeranian,3,1,3,3,4,3,3,2,1,Companion Dogs,14
Pomsky,https://dogtime.com/wp-content/uploads/sites/12/2017/10/GettyImages-1454876890-e1692571487351.jpg?w=1024,https://dogtime.com/dog-breeds/pomsky,3,1,3,3,4,3,4,2,2,Mixed Breed Dogs,13.5
Poochon,https://dogtime.com/wp-content/uploads/sites/12/2024/02/GettyImages-1816855440-e1709074098535.jpg?w=1024,https://dogtime.com/dog-breeds/poochon,4,1,5,3,4,4,3.5,3,2,Mixed Breed Dogs,13.5
Poodle,https://dogtime.com/wp-content/uploads/sites/12/2011/01/GettyImages-182816790-e1698160624173.jpg,https://dogtime.com/dog-breeds/poodle,4,1,5,2,5,4,3.5,3,4,Companion Dogs,13.5
Portuguese Podengo Pequeno,https://dogtime.com/wp-content/uploads/sites/12/2019/09/GettyImages-157767491-e1707428265826.jpg?w=1024,https://dogtime.com/dog-breeds/portuguese-podengo-pequeno,3,3,4,4,3,4,2.5,2,1,Hound Dogs,13.5
Portuguese Water Dog,https://dogtime.com/wp-content/uploads/sites/12/2023/09/GettyImages-1354073544-e1693697432472.jpg?w=1024,https://dogtime.com/dog-breeds/portuguese-water-dog,3,2,5,4,5,5,3.5,2,3,Working Dogs,12
Pug,https://dogtime.com/wp-content/uploads/sites/12/2011/01/GettyImages-sb10066858aa-001-e1693353192358.jpg,https://dogtime.com/dog-breeds/pug,3,1,4,1,2,4,1.5,3,2,Companion Dogs,13.5
Pugalier,https://dogtime.com/wp-content/uploads/sites/12/2023/09/GettyImages-141824266-e1695067970518.jpg?w=1024,https://dogtime.com/dog-breeds/pugalier,4,2,5,3,3,4,2,2,2,Mixed Breed Dogs,13.5
Puggle,https://dogtime.com/wp-content/uploads/sites/12/2011/01/GettyImages-173812656-e1692210730692.jpg?w=1024,https://dogtime.com/dog-breeds/puggle,4,3,5,4,3,3,3,2,2,Hybrid Dogs,12.5
Puli,"https://dogtime.com/wp-content/uploads/sites/12/2023/09/GettyImages-1132440533.jpg?resize=2048,1368",https://dogtime.com/dog-breeds/puli,3,2,4,5,4,5,3.5,2,3,Herding Dogs,12.5
Pyrenean Shepherd,https://dogtime.com/wp-content/uploads/sites/12/2011/01/GettyImages-144327004-e1707071663361.jpg?w=1024,https://dogtime.com/dog-breeds/pyrenean-shepherd,3,1,4,2,4,5,3.5,2,2,Herding Dogs,16
Rat Terrier,https://dogtime.com/wp-content/uploads/sites/12/2011/01/GettyImages-501597845-e1692138856217.jpg?w=1024,https://dogtime.com/dog-breeds/rat-terrier,3,3,4,4,4,5,2.5,3,1,Terrier Dogs,15.5
Redbone Coonhound,https://dogtime.com/wp-content/uploads/sites/12/2023/09/GettyImages-478044020-e1695634157315.jpg?w=1024,https://dogtime.com/dog-breeds/redbone-coonhound,3,2,4,3,4,5,2.5,2,3,Hound Dogs,11
Rhodesian Ridgeback,https://dogtime.com/wp-content/uploads/sites/12/2011/01/GettyImages-975716310-e1688262804516.jpg?w=1024,https://dogtime.com/dog-breeds/rhodesian-ridgeback,3,2,4,4,4,5,3,1,4,Hound Dogs,11
Rottador,https://dogtime.com/wp-content/uploads/sites/12/2019/11/rottador-mixed-dog-breed-pictures-cover.jpg,https://dogtime.com/dog-breeds/rottador,3,1,4,2,5,5,3.5,1,4,Mixed Breed Dogs,11
Rottle,https://dogtime.com/wp-content/uploads/sites/12/2019/12/rottle-mixed-dog-breed-pictures-cover.jpg,https://dogtime.com/dog-breeds/rottle,3,3,4,4,5,4,3,3,3,Mixed Breed Dogs,12
Rottweiler,https://dogtime.com/wp-content/uploads/sites/12/2023/11/GettyImages-1198147566-e1701133343267.jpg?w=1024,https://dogtime.com/dog-breeds/rottweiler,2,1,4,2,5,4,2.5,1,3,Working Dogs,9.5
Saint Berdoodle,https://dogtime.com/wp-content/uploads/sites/12/2019/08/Jungle-Curl-Collage-e1707072995312.png,https://dogtime.com/dog-breeds/saint-berdoodle,3,2,5,4,4,3,3.5,1,4,Mixed Breed Dogs,10
Saint Bernard,https://dogtime.com/wp-content/uploads/sites/12/2023/08/GettyImages-587079387-e1693516546155.jpg?w=1024,https://dogtime.com/dog-breeds/saint-bernard,3,1,5,2,4,3,3,1,5,Working Dogs,9
Saluki,https://dogtime.com/wp-content/uploads/sites/12/2023/09/GettyImages-1395012589-e1693920667739.jpg?w=1024,https://dogtime.com/dog-breeds/saluki,2,1,4,4,4,4,2.5,1,4,Hound Dogs,13
Samoyed,https://dogtime.com/wp-content/uploads/sites/12/2011/01/GettyImages-997016774-e1694111248101.jpg?w=1024,https://dogtime.com/dog-breeds/samoyed,3,2,5,3,3,4,3,1,3,Working Dogs,13
Samusky,https://dogtime.com/wp-content/uploads/sites/12/2019/12/samusky-mixed-dog-breed-pictures-cover.jpg,https://dogtime.com/dog-breeds/samusky,3,2,4,3,5,4,4,1,4,Mixed Breed Dogs,13.5
Schipperke,https://dogtime.com/wp-content/uploads/sites/12/2023/10/GettyImages-1227082883-e1697817166227.jpg?w=1024,https://dogtime.com/dog-breeds/schipperke,3,3,3,4,4,5,2.5,2,1,Companion Dogs,14
Schnoodle,https://dogtime.com/wp-content/uploads/sites/12/2011/01/GettyImages-1177553118-e1691704553367.jpg?w=1024,https://dogtime.com/dog-breeds/schnoodle,3,2,4,3,5,4,3,1,4,Hybrid Dogs,12.5
Scottish Deerhound,https://dogtime.com/wp-content/uploads/sites/12/2023/09/GettyImages-705005211-e1694536944778.jpg?w=1024,https://dogtime.com/dog-breeds/scottish-deerhound,3,2,4,3,3,5,4,1,5,Hound Dogs,9.5
Scottish Terrier,https://dogtime.com/wp-content/uploads/sites/12/2023/10/GettyImages-122599859-e1696958039342.jpg?w=1024,https://dogtime.com/dog-breeds/scottish-terrier,3,3,4,4,4,4,3.5,2,2,Terrier Dogs,12
Sealyham Terrier,https://dogtime.com/wp-content/uploads/sites/12/2011/01/GettyImages-1250645922-1-e1692385289996.jpg?w=1024,https://dogtime.com/dog-breeds/sealyham-terrier,4,2,4,5,4,4,3.5,3,2,Terrier Dogs,13
Sheepadoodle,https://dogtime.com/wp-content/uploads/sites/12/2020/01/sheepadoodle-mixed-dog-breed-pictures-cover.jpg,https://dogtime.com/dog-breeds/sheepadoodle,4,2,5,4,5,4,3.5,3,4,Mixed Breed Dogs,13.5
Shepsky,https://dogtime.com/wp-content/uploads/sites/12/2024/01/GettyImages-992460814-e1705419500212.jpg?w=1024,https://dogtime.com/dog-breeds/shepsky,3,2,4,4,5,5,3.5,1,4,Mixed Breed Dogs,12
Shetland Sheepdog,https://dogtime.com/wp-content/uploads/sites/12/2011/01/GettyImages-518594332-e1692194561378.jpg?w=1024,https://dogtime.com/dog-breeds/shetland-sheepdog,3,2,5,4,5,4,3.5,1,1,Herding Dogs,13.5
Shiba Inu,https://dogtime.com/wp-content/uploads/sites/12/2011/01/GettyImages-653001154-e1691965000531.jpg?w=1024,https://dogtime.com/dog-breeds/shiba-inu,4,5,3,3,4,3,3.5,2,2,Companion Dogs,14
Shichon,https://dogtime.com/wp-content/uploads/sites/12/2020/01/shichon-mixed-dog-breed-pictures-cover.jpg,https://dogtime.com/dog-breeds/shichon,3,1,5,4,4,4,2,3,2,Mixed Breed Dogs,15
Shih-Poo,https://dogtime.com/wp-content/uploads/sites/12/2023/12/GettyImages-1487826002-e1702396830635.jpg,https://dogtime.com/dog-breeds/shih-poo,3,2,4,3,4,3,2.5,3,1,Mixed Breed Dogs,19.5
Shih Tzu,https://dogtime.com/wp-content/uploads/sites/12/2011/01/GettyImages-178920540-e1689348859523.jpg?w=1024,https://dogtime.com/dog-breeds/shih-tzu,3,3,5,3,4,3,2,3,1,Companion Dogs,13
Shiranian,https://dogtime.com/wp-content/uploads/sites/12/2019/09/shiranian-mixed-dog-breed-pictures-cover.jpg,https://dogtime.com/dog-breeds/shiranian,3,2,4,2,4,3,1.5,3,2,Mixed Breed Dogs,14
Shollie,https://dogtime.com/wp-content/uploads/sites/12/2019/11/shollie-mixed-dog-breed-pictures-cover.jpg,https://dogtime.com/dog-breeds/shollie,3,2,3,3,4,4,4,1,4,Mixed Breed Dogs,14
Shorkie,https://dogtime.com/wp-content/uploads/sites/12/2023/10/GettyImages-519672843-e1698161294142.jpg?w=1024,https://dogtime.com/dog-breeds/shorkie,3,1,3,2,3,4,2,2,1,Mixed Breed Dogs,13.5
Siberian Husky,https://dogtime.com/wp-content/uploads/sites/12/2023/11/GettyImages-1454565264-e1701120522406.jpg?w=1024,https://dogtime.com/dog-breeds/siberian-husky,3,1,5,4,3,5,4,1,3,Working Dogs,13.5
Silken Windhound,https://dogtime.com/wp-content/uploads/sites/12/2018/10/GettyImages-738776691-e1707006196197.jpg?w=1024,https://dogtime.com/dog-breeds/silken-windhound,4,2,4,4,4,4,4,3,3,Hound Dogs,17
Silky Terrier,https://dogtime.com/wp-content/uploads/sites/12/2023/10/GettyImages-494831928-1-e1697051827207.jpg?w=1024,https://dogtime.com/dog-breeds/silky-terrier,3,3,3,4,4,4,2.5,2,1,Companion Dogs,13.5
Skye Terrier,https://dogtime.com/wp-content/uploads/sites/12/2023/09/GettyImages-821285322-e1694008412391.jpg?w=1024,https://dogtime.com/dog-breeds/skye-terrier,4,2,4,5,4,4,4,2,2,Terrier Dogs,13
Sloughi,https://dogtime.com/wp-content/uploads/sites/12/2023/09/GettyImages-451049741-e1695997544502.jpg?w=1024,https://dogtime.com/dog-breeds/sloughi,3,3,4,3,4,4,2.5,3,4,Hound Dogs,14
Small Munsterlander Pointer,https://dogtime.com/wp-content/uploads/sites/12/2011/01/GettyImages-1210390099-e1710119437177.jpg?w=1024,https://dogtime.com/dog-breeds/small-munsterlander-pointer,3,4,5,5,5,5,4,1,3,Sporting Dogs,13
Soft Coated Wheaten Terrier,https://dogtime.com/wp-content/uploads/sites/12/2023/09/GettyImages-129254124-e1694793485621.jpg?w=1024,https://dogtime.com/dog-breeds/soft-coated-wheaten-terrier,3,2,5,4,4,4,2.5,2,3,Terrier Dogs,13.5
Spanish Mastiff,https://dogtime.com/wp-content/uploads/sites/12/2020/01/GettyImages-1347184243-e1695256198876.jpg?w=1024,https://dogtime.com/dog-breeds/spanish-mastiff,3,3,3,4,4,3,3.5,1,5,Working Dogs,11
Spinone Italiano,https://dogtime.com/wp-content/uploads/sites/12/2023/11/GettyImages-934870840-e1700525646592.jpg?w=1024,https://dogtime.com/dog-breeds/spinone-italiano,4,2,5,3,4,4,3.5,3,4,Sporting Dogs,12
Springador,https://dogtime.com/wp-content/uploads/sites/12/2019/11/springador-mixed-dog-breed-pictures-cover.jpg,https://dogtime.com/dog-breeds/springador,3,1,3,4,5,4,4,1,4,Mixed Breed Dogs,12
Stabyhoun,https://dogtime.com/wp-content/uploads/sites/12/2011/01/GettyImages-177302476-e1708355460376.jpg?w=1024,https://dogtime.com/dog-breeds/stabyhoun,3,3,4,5,5,4,2,1,3,Sporting Dogs,13.5
Staffordshire Bull Terrier,https://dogtime.com/wp-content/uploads/sites/12/2023/09/GettyImages-1418252093-e1695215819445.jpg?w=1024,https://dogtime.com/dog-breeds/staffordshire-bull-terrier,2,2,4,3,3,4,2,1,2,Terrier Dogs,13
Standard Schnauzer,https://dogtime.com/wp-content/uploads/sites/12/2023/10/GettyImages-186512978-e1698415021170.jpg?w=1024,https://dogtime.com/dog-breeds/standard-schnauzer,3,2,3,5,5,5,4,3,3,Working Dogs,14.5
Sussex Spaniel,https://dogtime.com/wp-content/uploads/sites/12/2011/01/file_22994_sussex-spaniel.jpg,https://dogtime.com/dog-breeds/sussex-spaniel,4,1,5,4,5,2,5,2,2,Sporting Dogs,12.5
Swedish Vallhund,https://dogtime.com/wp-content/uploads/sites/12/2023/09/GettyImages-1131346877-e1694391250949.jpg?w=1024,https://dogtime.com/dog-breeds/swedish-vallhund,3,3,4,4,5,5,3.5,1,3,Herding Dogs,13.5
Terripoo,https://dogtime.com/wp-content/uploads/sites/12/2020/01/terripoo-mixed-dog-breed-pictures-cover.jpg,https://dogtime.com/dog-breeds/terripoo,3,1,4,3,5,4,3.5,2,1,Mixed Breed Dogs,12.5
Texas Heeler,https://dogtime.com/wp-content/uploads/sites/12/2023/09/animal_blur_blurred_background_canine_close_up_dog_domestic_eyes-1491887.jpg,https://dogtime.com/dog-breeds/texas-heeler,3,3,3,3,5,4,3.5,1,3,Mixed Breed Dogs,13.5
Tibetan Mastiff,https://dogtime.com/wp-content/uploads/sites/12/2023/10/GettyImages-1037524792-e1696604393664.jpg?w=1024,https://dogtime.com/dog-breeds/tibetan-mastiff,3,1,4,3,5,3,3.5,1,5,Working Dogs,12
Tibetan Spaniel,https://dogtime.com/wp-content/uploads/sites/12/2023/09/GettyImages-823775834-e1695923749953.jpg,https://dogtime.com/dog-breeds/tibetan-spaniel,3,1,4,5,4,4,1.5,2,1,Companion Dogs,13.5
Tibetan Terrier,https://dogtime.com/wp-content/uploads/sites/12/2023/09/GettyImages-10069983-e1695050398838.jpg,https://dogtime.com/dog-breeds/tibetan-terrier,4,1,4,5,4,5,4,3,2,Companion Dogs,13.5
Toy Fox Terrier,https://dogtime.com/wp-content/uploads/sites/12/2023/10/GettyImages-533462277-1-e1698438000362.jpg?w=1024,https://dogtime.com/dog-breeds/toy-fox-terrier,3,1,4,5,4,5,2.5,2,1,Companion Dogs,13.5
Treeing Tennessee Brindle,https://dogtime.com/wp-content/uploads/sites/12/2024/01/Screen-Shot-2024-01-03-at-6.29.33-PM.png,https://dogtime.com/dog-breeds/treeing-tennessee-brindle,2,2,4,4,4,4,3,1,3,Hound Dogs,11
Treeing Walker Coonhound,https://dogtime.com/wp-content/uploads/sites/12/2011/01/GettyImages-167081841-e1691849949983.jpg?w=1024,https://dogtime.com/dog-breeds/treeing-walker-coonhound,3,2,4,4,4,4,3,1,4,Hound Dogs,12.5
Valley Bulldog,https://dogtime.com/wp-content/uploads/sites/12/2019/09/GettyImages-1250734157-e1708871135182.jpg?w=1024,https://dogtime.com/dog-breeds/valley-bulldog,3,2,4,3,3,4,1,2,4,Mixed Breed Dogs,10
Vizsla,https://dogtime.com/wp-content/uploads/sites/12/2023/08/GettyImages-1365421484-e1694275663873.jpg?w=1024,https://dogtime.com/dog-breeds/vizsla,3,1,5,4,4,5,2.5,1,3,Sporting Dogs,12
Weimaraner,https://dogtime.com/wp-content/uploads/sites/12/2023/09/GettyImages-91815079-e1694183576543.jpg?w=1024,https://dogtime.com/dog-breeds/weimaraner,3,1,4,3,5,5,3.5,1,4,Sporting Dogs,12
Welsh Springer Spaniel,https://dogtime.com/wp-content/uploads/sites/12/2023/09/GettyImages-1394081925-1-e1694782874593.jpg?w=1024,https://dogtime.com/dog-breeds/welsh-springer-spaniel,4,1,4,4,5,5,4,2,3,Sporting Dogs,12.5
Welsh Terrier,https://dogtime.com/wp-content/uploads/sites/12/2023/09/GettyImages-529370327-e1694035240255.jpg?w=1024,https://dogtime.com/dog-breeds/welsh-terrier,3,2,5,5,5,5,2,1,2,Terrier Dogs,12
West Highland White Terrier,https://dogtime.com/wp-content/uploads/sites/12/2023/09/GettyImages-467031087-e1693936139162.jpg?w=1024,https://dogtime.com/dog-breeds/west-highland-white-terrier,4,2,4,3,4,4,3.5,2,2,Terrier Dogs,14
Westiepoo,https://dogtime.com/wp-content/uploads/sites/12/2024/01/Screen-Shot-2024-01-03-at-3.13.22-PM-e1704312902803.png,https://dogtime.com/dog-breeds/westiepoo,3,1,4,4,4,4,3,1,2,Mixed Breed Dogs,13.5
Whippet,https://dogtime.com/wp-content/uploads/sites/12/2011/01/GettyImages-150525400-e1692215312613.jpg?w=1024,https://dogtime.com/dog-breeds/whippet,3,2,5,4,4,4,2.5,3,3,Hound Dogs,13.5
Whoodle,https://dogtime.com/wp-content/uploads/sites/12/2024/03/GettyImages-1208659674-e1710355758196.jpg?w=1024,https://dogtime.com/dog-breeds/whoodle,3,1,4,4,4,4,3,3,3,Mixed Breed Dogs,13.5
Wirehaired Pointing Griffon,https://dogtime.com/wp-content/uploads/sites/12/2023/09/GettyImages-849548232-e1695914473398.jpg?w=1024,https://dogtime.com/dog-breeds/wirehaired-pointing-griffon,3,1,5,4,5,4,3.5,1,3,Sporting Dogs,12
Xoloitzcuintli,https://dogtime.com/wp-content/uploads/sites/12/2019/05/GettyImages-1536093794-e1693762449380.jpg?w=1024,https://dogtime.com/dog-breeds/xoloitzuintli,3,1,3,5,5,3,3,2,3,Companion Dogs,17
Yorkipoo,https://dogtime.com/wp-content/uploads/sites/12/2011/01/GettyImages-1424309337-e1692548749462.jpg?w=1024,https://dogtime.com/dog-breeds/yorkipoo,4,3,4,3,4,4,2.5,2,1,Hybrid Dogs,12.5
Yorkshire Terrier,https://dogtime.com/wp-content/uploads/sites/12/2011/01/GettyImages-1095667204-e1689790392229.jpg?w=1024,https://dogtime.com/dog-breeds/yorkshire-terrier,3,2,3,4,3,5,2,2,1,Companion Dogs,13.5
