breed,url,Images,Adaptability,ApartmentSuitability,InexperiencedOwner,ToleranceAlone,Friendliness,Shedding,Health,Size,TrainAbility,Noisy,ExerciseNeeds,breed_group,AgeAverage
Afador,https://dogtime.com/dog-breeds/afador,https://dogtime.com/wp-content/uploads/sites/12/2019/08/Screenshot-2023-07-01-at-10.23.34-PM-e1688264735488.png?w=1024,2,1,1,3,3,4,3,4,4,4,4,Mixed Breed Dogs,3
Affenhuahua,https://dogtime.com/dog-breeds/affenhuahua,https://dogtime.com/wp-content/uploads/sites/12/2020/02/affenhuahua-mixed-dog-breed-pictures-COVER.jpg,3,4,4,1,3,2,4,1,3,4,3,Mixed Breed Dogs,5
Affenpinscher,https://dogtime.com/dog-breeds/affenpinscher,https://dogtime.com/wp-content/uploads/sites/12/2011/01/GettyImages-1476309790-e1692208097483.jpg?w=1024,3,5,4,1,3,1,4,1,3,2,4,Companion Dogs,4
Afghan Hound,https://dogtime.com/dog-breeds/afghan-hound,https://dogtime.com/wp-content/uploads/sites/12/2023/10/GettyImages-1303725904-e1696860728615.jpg?w=1024,4,5,3,2,4,4,3,4,3,2,4,Hound Dogs,3
Airedale Terrier,https://dogtime.com/dog-breeds/airedale-terrier,https://dogtime.com/wp-content/uploads/sites/12/2023/07/GettyImages-984151818-e1692537275682.jpg?w=1024,2,1,2,2,4,2,3,3,5,4,5,Terrier Dogs,3
Akbash,https://dogtime.com/dog-breeds/akbash,https://dogtime.com/wp-content/uploads/sites/12/2020/01/GettyImages-875253932-e1691932168310.jpg?w=1024,3,1,2,4,4,4,4,4,3,3,2,Working Dogs,3
Akita,https://dogtime.com/dog-breeds/akita,https://dogtime.com/wp-content/uploads/sites/12/2024/01/GettyImages-1262676579-1-e1706034743817.jpg,3,2,2,1,2,5,4,4,4,5,4,Working Dogs,3
Alaskan Klee Kai,https://dogtime.com/dog-breeds/alaskan-klee-kai,https://dogtime.com/wp-content/uploads/sites/12/2023/09/GettyImages-1480829226-e1694013721239.jpg?w=1024,3,3,2,2,3,4,4,2,4,3,4,Companion Dogs,4
Alaskan Malamute,https://dogtime.com/dog-breeds/alaskan-malamute,https://dogtime.com/wp-content/uploads/sites/12/2023/08/GettyImages-1435474615-1-e1691930474231.jpg?w=1024,2,1,1,1,4,5,4,4,4,5,5,Working Dogs,4
American Bulldog,https://dogtime.com/dog-breeds/american-bulldog,https://dogtime.com/wp-content/uploads/sites/12/2023/09/GettyImages-1006968824-e1694633377768.jpg,2,1,1,1,3,1,3,4,3,2,4,Working Dogs,4
American English Coonhound,https://dogtime.com/dog-breeds/american-english-coonhound,https://dogtime.com/wp-content/uploads/sites/12/2024/01/GettyImages-1384868992-e1706539573466.jpg?w=1024,3,1,2,2,5,3,4,3,5,5,5,Hound Dogs,3
American Eskimo Dog,https://dogtime.com/dog-breeds/american-eskimo-dog,https://dogtime.com/wp-content/uploads/sites/12/2011/01/file_23134_american-eskimo-dog.jpg,4,5,4,2,5,5,5,2,4,4,4,Companion Dogs,4
American Foxhound,https://dogtime.com/dog-breeds/american-foxhound,https://dogtime.com/wp-content/uploads/sites/12/2023/08/GettyImages-1311847396-e1691373083166.jpg?w=1024,2,1,2,1,5,3,5,3,4,5,5,Hound Dogs,4
American Leopard Hound,https://dogtime.com/dog-breeds/american-leopard-hound,https://dogtime.com/wp-content/uploads/sites/12/2019/09/american-leopard-hound-dog-breed-picture-cover.jpg,3,2,4,3,4,2,4,4,4,4,4,Hound Dogs,4
American Pit Bull Terrier,https://dogtime.com/dog-breeds/american-pit-bull-terrier,https://dogtime.com/wp-content/uploads/sites/12/2011/01/GettyImages-153000205-e1691974077142.jpg?w=1024,3,3,2,1,4,4,4,3,4,3,5,Terrier Dogs,4
American Pugabull,https://dogtime.com/dog-breeds/american-pugabull,https://dogtime.com/wp-content/uploads/sites/12/2019/08/american-pugabull-mixed-dog-breed-pictures-cover.jpg,3,3,3,1,4,3,2,3,3,4,4,Mixed Breed Dogs,4
American Staffordshire Terrier,https://dogtime.com/dog-breeds/american-staffordshire-terrier,https://dogtime.com/wp-content/uploads/sites/12/2023/09/GettyImages-1300301448-e1695306343981.jpg?w=1024,2,2,2,2,4,2,3,3,4,4,4,Terrier Dogs,4
American Water Spaniel,https://dogtime.com/dog-breeds/american-water-spaniel,https://dogtime.com/wp-content/uploads/sites/12/2011/01/file_22954_american-water-spaniel.jpg,3,2,2,1,4,3,3,3,4,3,4,Sporting Dogs,4
Anatolian Shepherd Dog,https://dogtime.com/dog-breeds/anatolian-shepherd-dog,https://dogtime.com/wp-content/uploads/sites/12/2023/09/GettyImages-1477482048-e1694029026354.jpg?w=1024,3,1,2,3,2,2,3,5,3,2,3,Working Dogs,4
Appenzeller Sennenhunde,https://dogtime.com/dog-breeds/appenzeller-sennenhunde,https://dogtime.com/wp-content/uploads/sites/12/2023/09/GettyImages-1478460895-1-e1695405829147.jpg?w=1024,3,1,3,1,4,3,4,3,4,5,4,Herding Dogs,3
Auggie,https://dogtime.com/dog-breeds/auggie,https://dogtime.com/wp-content/uploads/sites/12/2019/09/auggie-mixed-dog-breed-pictures-cover.jpg,3,2,3,3,5,4,3,3,4,4,5,Mixed Breed Dogs,4
Aussiedoodle,https://dogtime.com/dog-breeds/aussiedoodle,https://dogtime.com/wp-content/uploads/sites/12/2019/07/GettyImages-941172138-e1691704977623.jpg?w=1024,3,2,3,2,4,3,4,3,4,2,5,Mixed Breed Dogs,3
Aussiepom,https://dogtime.com/dog-breeds/aussiepom,https://dogtime.com/wp-content/uploads/sites/12/2019/07/aussiepom-mixed-dog-breed-pictures-cover.jpg,3,3,2,2,4,3,4,3,3,3,4,Mixed Breed Dogs,4
Australian Cattle Dog,https://dogtime.com/dog-breeds/australian-cattle-dog,https://dogtime.com/wp-content/uploads/sites/12/2011/01/GettyImages-1309830116-e1692992685110.jpg?w=1024,3,2,1,3,4,3,5,3,4,2,5,Herding Dogs,4
Australian Kelpie,https://dogtime.com/dog-breeds/australian-kelpie,https://dogtime.com/wp-content/uploads/sites/12/2018/04/GettyImages-1356399383-e1688346168527.jpg?w=1024,3,2,2,2,3,3,3,3,5,4,4,Herding Dogs,4
Australian Retriever,https://dogtime.com/dog-breeds/australian-retriever,https://dogtime.com/wp-content/uploads/sites/12/2019/10/australian-retriever-mixed-dog-breed-pictures-cover.jpg,3,1,4,2,4,3,4,4,3,2,4,Mixed Breed Dogs,4
Australian Shepherd,https://dogtime.com/dog-breeds/australian-shepherd,https://dogtime.com/wp-content/uploads/sites/12/2011/01/GettyImages-1310156914-e1691160249641.jpg?w=1024,3,1,2,2,4,3,2,3,5,4,5,Herding Dogs,4
Australian Shepherd Husky,https://dogtime.com/dog-breeds/australian-shepherd-husky,https://dogtime.com/wp-content/uploads/sites/12/2019/12/australian-shepherd-husky-mixed-dog-breed-pictures-cover.jpg,3,1,2,1,3,4,3,4,4,5,5,Mixed Breed Dogs,4
Australian Shepherd Lab Mix,https://dogtime.com/dog-breeds/australian-shepherd-lab-mix,https://dogtime.com/wp-content/uploads/sites/12/2019/12/australian-shepherd-lab-mixed-dog-breed-pictures-cover.jpg,4,2,2,4,4,4,4,4,4,3,5,Mixed Breed Dogs,4
Australian Shepherd Pit Bull Mix,https://dogtime.com/dog-breeds/australian-shepherd-pit-bull-mix,https://dogtime.com/wp-content/uploads/sites/12/2020/01/australian-shepherd-pit-bull-mixed-dog-breed-pictures-cover.jpg,3,2,3,2,4,4,4,4,3,2,4,Mixed Breed Dogs,4
Australian Terrier,https://dogtime.com/dog-breeds/australian-terrier,https://dogtime.com/wp-content/uploads/sites/12/2023/09/GettyImages-1226717580-e1696002487688.jpg?w=1024,3,5,3,2,3,1,5,1,4,5,5,Terrier Dogs,3
Azawakh,https://dogtime.com/dog-breeds/azawakh,https://dogtime.com/wp-content/uploads/sites/12/2023/08/GettyImages-984961036-e1691178428955.jpg?w=1024,3,5,2,3,3,3,3,3,3,1,3,Hound Dogs,4
Barbet,https://dogtime.com/dog-breeds/barbet,https://dogtime.com/wp-content/uploads/sites/12/2011/01/GettyImages-1182528738-e1695731334393.jpg?w=1024,3,3,2,1,4,2,4,3,3,3,4,Sporting Dogs,4
Basenji,https://dogtime.com/dog-breeds/basenji,https://dogtime.com/wp-content/uploads/sites/12/2023/08/GettyImages-996168400-e1691670212589.jpg?w=1024,4,5,4,4,5,1,2,2,4,1,3,Hound Dogs,3
Bassador,https://dogtime.com/dog-breeds/bassador,https://dogtime.com/wp-content/uploads/sites/12/2019/07/bassador-mixed-breed-dog-pictures-cover.jpg,3,2,2,3,3,5,3,4,3,3,3,Mixed Breed Dogs,3
Basset Fauve de Bretagne,https://dogtime.com/dog-breeds/basset-fauve-de-bretagne,https://dogtime.com/wp-content/uploads/sites/12/2019/09/GettyImages-136994252-e1709255514492.jpg,3,4,4,3,4,2,5,2,3,2,3,Hound Dogs,4
Basset Hound,https://dogtime.com/dog-breeds/basset-hound,https://dogtime.com/wp-content/uploads/sites/12/2011/01/GettyImages-623381516-e1691154788279.jpg,3,5,4,3,5,4,1,2,4,4,2,Hound Dogs,3
Basset Retriever,https://dogtime.com/dog-breeds/basset-retriever,https://dogtime.com/wp-content/uploads/sites/12/2019/11/basset-retriever-mixed-dog-breed-pictures-cover.jpg,3,3,3,2,4,2,4,3,4,2,4,Mixed Breed Dogs,3
Bavarian Mountain Scent Hound,https://dogtime.com/dog-breeds/bavarian-mountain-scent-hound,https://dogtime.com/wp-content/uploads/sites/12/2023/08/GettyImages-615331764-e1691095708411.jpg?w=1024,2,2,3,2,4,1,4,3,3,2,4,Hound Dogs,4
Beabull,https://dogtime.com/dog-breeds/beabull,https://dogtime.com/wp-content/uploads/sites/12/2019/12/beabull-mixed-dog-breed-pictures-cover.jpg,3,4,3,4,4,4,3,3,4,4,4,Mixed Breed Dogs,3
Beagle,https://dogtime.com/dog-breeds/beagle,https://dogtime.com/wp-content/uploads/sites/12/2023/11/GettyImages-157603001-e1701106766955.jpg?w=1024,3,4,3,1,5,3,1,2,4,5,5,Hound Dogs,4
Beaglier,https://dogtime.com/dog-breeds/beaglier,https://dogtime.com/wp-content/uploads/sites/12/2023/09/Screen-Shot-2023-09-09-at-10.56.38-AM.png,3,5,4,1,5,3,2,2,3,4,4,Mixed Breed Dogs,4
Bearded Collie,https://dogtime.com/dog-breeds/bearded-collie,https://dogtime.com/wp-content/uploads/sites/12/2023/09/GettyImages-106395374-e1694029838848.jpg?w=1024,3,3,4,2,5,4,3,3,4,3,4,Herding Dogs,4
Bedlington Terrier,https://dogtime.com/dog-breeds/bedlington-terrier,https://dogtime.com/wp-content/uploads/sites/12/2023/09/GettyImages-952818676-1-e1695321471712.jpg?w=1024,4,4,4,3,5,5,4,3,4,3,4,Terrier Dogs,5
Belgian Malinois,https://dogtime.com/dog-breeds/belgian-malinois,https://dogtime.com/wp-content/uploads/sites/12/2011/01/GettyImages-482598287-e1689368698804.jpg?w=1024,3,1,3,3,4,2,4,4,4,2,5,Herding Dogs,4
Belgian Sheepdog,https://dogtime.com/dog-breeds/belgian-sheepdog,https://dogtime.com/wp-content/uploads/sites/12/2023/09/GettyImages-1198791373-e1695840179194.jpg?w=1024,4,3,3,3,5,5,3,4,4,1,5,Herding Dogs,3
Belgian Tervuren,https://dogtime.com/dog-breeds/belgian-tervuren,https://dogtime.com/wp-content/uploads/sites/12/2023/09/GettyImages-872002846-e1694032121253.jpg?w=1024,3,3,3,1,3,4,3,4,4,5,4,Herding Dogs,3
Berger Picard,https://dogtime.com/dog-breeds/berger-picard,https://dogtime.com/wp-content/uploads/sites/12/2023/09/GettyImages-180391527-e1695061860356.jpg?w=1024,4,3,4,3,4,4,5,4,3,2,5,Herding Dogs,4
Bernedoodle,https://dogtime.com/dog-breeds/bernedoodle,https://dogtime.com/wp-content/uploads/sites/12/2017/10/GettyImages-962709956-e1693706990967.jpg?w=1024,3,3,3,2,4,1,4,3,4,3,4,Mixed Breed Dogs,5
Bernese Mountain Dog,https://dogtime.com/dog-breeds/bernese-mountain-dog,https://dogtime.com/wp-content/uploads/sites/12/2023/11/GettyImages-537870596-e1701102761329.jpg?w=1024,2,1,2,1,5,5,1,5,4,4,4,Working Dogs,2
Bichon Frise,https://dogtime.com/dog-breeds/bichon-frise,https://dogtime.com/wp-content/uploads/sites/12/2011/01/GettyImages-514367196-e1692032817448.jpg,4,5,5,1,5,2,4,2,3,2,4,Companion Dogs,4
Biewer Terrier,https://dogtime.com/dog-breeds/biewer-terrier,https://dogtime.com/wp-content/uploads/sites/12/2023/09/GettyImages-1569169973-e1694190546405.jpg?w=1024,3,5,3,3,4,1,4,1,3,3,4,Terrier Dogs,4
Black and Tan Coonhound,https://dogtime.com/dog-breeds/black-and-tan-coonhound,https://dogtime.com/wp-content/uploads/sites/12/2023/08/GettyImages-531223775-e1692805403967.jpg?w=1024,3,1,2,2,5,5,5,3,4,5,5,Hound Dogs,3
Black Mouth Cur,https://dogtime.com/dog-breeds/black-mouth-cur,https://dogtime.com/wp-content/uploads/sites/12/2023/09/GettyImages-1440971786-1-e1695316015872.jpg,3,1,2,2,4,3,4,4,4,4,4,Working Dogs,5
Black Russian Terrier,https://dogtime.com/dog-breeds/black-russian-terrier,https://dogtime.com/wp-content/uploads/sites/12/2023/10/GettyImages-1187418372-1-1-e1697988547920.jpg?w=1024,3,3,2,1,4,2,3,5,4,3,5,Working Dogs,3
Bloodhound,https://dogtime.com/dog-breeds/bloodhound,https://dogtime.com/wp-content/uploads/sites/12/2023/08/GettyImages-823894968-e1690932136652.jpg?w=1024,3,1,2,2,5,4,3,4,4,4,4,Hound Dogs,4
Blue Lacy,https://dogtime.com/dog-breeds/blue-lacy,https://dogtime.com/wp-content/uploads/sites/12/2023/09/GettyImages-173549958-e1694386494868.jpg?w=1024,3,1,1,2,3,3,4,3,5,5,5,Working Dogs,4
Bluetick Coonhound,https://dogtime.com/dog-breeds/bluetick-coonhound,https://dogtime.com/wp-content/uploads/sites/12/2023/09/GettyImages-483373049-e1694177883533.jpg?w=1024,3,2,2,2,4,2,4,3,4,4,5,Hound Dogs,3
Bocker,https://dogtime.com/dog-breeds/bocker,https://cdn-fastly.petguide.com/media/2022/02/16/8216336/bocker.jpg?size=720x845&nocrop=1,4,5,3,1,4,3,3,2,5,5,4,Mixed Breed Dogs,4
Boerboel,https://dogtime.com/dog-breeds/boerboel,https://dogtime.com/wp-content/uploads/sites/12/2023/09/GettyImages-843641198-e1694186885578.jpg?w=1024,2,1,1,2,3,3,4,5,3,3,4,Working Dogs,3
Boglen Terrier,https://dogtime.com/dog-breeds/boglen-terrier,https://dogtime.com/wp-content/uploads/sites/12/2024/01/Screen-Shot-2024-01-03-at-3.41.37-PM.png,3,4,4,2,5,2,3,2,4,4,5,Mixed Breed Dogs,4
Bolognese,https://dogtime.com/dog-breeds/bolognese,https://dogtime.com/wp-content/uploads/sites/12/2023/10/GettyImages-142865646-1.jpg,3,5,3,2,5,1,5,1,4,4,3,Companion Dogs,4
Borador,https://dogtime.com/dog-breeds/borador,https://dogtime.com/wp-content/uploads/sites/12/2019/09/borador-mixed-dog-breed-pictures-cover.jpg,3,3,3,2,4,4,3,4,3,2,4,Hybrid Dogs,4
Border Collie,https://dogtime.com/dog-breeds/border-collie,https://dogtime.com/wp-content/uploads/sites/12/2023/09/GettyImages-164855910-1-e1694532950609.jpg?w=1024,3,2,2,1,4,3,2,3,4,2,5,Herding Dogs,4
Border Sheepdog,https://dogtime.com/dog-breeds/border-sheepdog,https://dogtime.com/wp-content/uploads/sites/12/2019/11/border-sheepdog-mixed-dog-breed-pictures-cover.jpg,3,2,3,2,4,3,4,3,4,4,4,Mixed Breed Dogs,4
Border Terrier,https://dogtime.com/dog-breeds/border-terrier,https://dogtime.com/wp-content/uploads/sites/12/2011/01/GettyImages-1176073607-e1691420229477.jpg,3,4,3,1,4,3,4,2,4,1,5,Terrier Dogs,4
Bordoodle,https://dogtime.com/dog-breeds/bordoodle,https://dogtime.com/wp-content/uploads/sites/12/2019/09/bordoodle-mixed-dog-breed-pictures-cover.jpg,4,4,4,3,4,2,4,3,3,2,3,Mixed Breed Dogs,4
Borzoi,https://dogtime.com/dog-breeds/borzoi,https://dogtime.com/wp-content/uploads/sites/12/2023/08/GettyImages-494422742-e1690935653749.jpg?w=1024,4,5,3,1,4,5,4,5,4,2,2,Hound Dogs,3
BoShih,https://dogtime.com/dog-breeds/boshih,https://dogtime.com/wp-content/uploads/sites/12/2019/12/boshih-mixed-dog-breed-pictures-cover.jpg,3,5,4,1,3,2,3,2,2,2,3,Mixed Breed Dogs,4
Bossie,https://dogtime.com/dog-breeds/bossie,https://dogtime.com/wp-content/uploads/sites/12/2019/11/bossie-mixed-dog-breed-pictures-cover.jpg,3,2,2,5,4,2,3,3,4,3,5,Mixed Breed Dogs,4
Boston Boxer,https://dogtime.com/dog-breeds/boston-boxer,https://dogtime.com/wp-content/uploads/sites/12/2020/01/boston-boxer-mixed-dog-breed-pictures-cover.jpg,3,4,3,2,4,3,4,3,3,3,4,Mixed Breed Dogs,4
Boston Terrier,https://dogtime.com/dog-breeds/boston-terrier,https://dogtime.com/wp-content/uploads/sites/12/2011/01/GettyImages-142527104-e1693833380980.jpg?w=1024,4,5,4,3,5,2,4,2,3,3,5,Companion Dogs,4
Bouvier des Flandres,https://dogtime.com/dog-breeds/bouvier-des-flandres,https://dogtime.com/wp-content/uploads/sites/12/2023/09/GettyImages-1246925205-e1694459937398.jpg?w=1024,3,3,2,2,4,1,3,4,3,4,4,Herding Dogs,3
Boxador,https://dogtime.com/dog-breeds/boxador,https://dogtime.com/wp-content/uploads/sites/12/2019/08/boxador-mixed-dog-breed-pictures-cover.jpg,2,2,2,1,4,4,2,4,4,3,5,Mixed Breed Dogs,4
Boxer,https://dogtime.com/dog-breeds/boxer,https://dogtime.com/wp-content/uploads/sites/12/2023/08/GettyImages-463043655-1-e1692889076481.jpg?w=1024,3,4,3,1,4,4,2,3,3,3,5,Working Dogs,3
Boxerdoodle,https://dogtime.com/dog-breeds/boxerdoodle,https://dogtime.com/wp-content/uploads/sites/12/2019/09/boxerdoodle-mixed-dog-breed-pictures-cover.jpg,3,1,3,2,4,2,3,3,3,2,4,Mixed Breed Dogs,3
Boxmatian,https://dogtime.com/dog-breeds/boxmatian,https://dogtime.com/wp-content/uploads/sites/12/2019/09/boxmatian-mixed-dog-breed-pictures-cover.jpg,2,1,2,2,3,3,5,5,4,3,5,Mixed Breed Dogs,3
Boxweiler,https://dogtime.com/dog-breeds/boxweiler,https://dogtime.com/wp-content/uploads/sites/12/2019/12/boxweiler-mixed-dog-breed-pictures-cover.jpg,3,2,3,2,4,3,3,4,3,3,4,Mixed Breed Dogs,3
Boykin Spaniel,https://dogtime.com/dog-breeds/boykin-spaniel,https://dogtime.com/wp-content/uploads/sites/12/2023/07/GettyImages-514726067-e1689183365138.jpg?w=1024,3,1,3,3,4,4,2,3,4,3,5,Sporting Dogs,3
Bracco Italiano,https://dogtime.com/dog-breeds/bracco-italiano,https://dogtime.com/wp-content/uploads/sites/12/2023/09/GettyImages-1226161054-e1694267703286.jpg?w=1024,3,1,2,3,4,3,2,4,3,2,4,Sporting Dogs,4
Braque du Bourbonnais,https://dogtime.com/dog-breeds/braque-du-bourbonnais,https://dogtime.com/wp-content/uploads/sites/12/2023/09/Screen-Shot-2023-09-26-at-11.00.02-AM.png,2,1,3,2,4,2,4,3,3,3,4,Working Dogs,4
Briard,https://dogtime.com/dog-breeds/briard,https://dogtime.com/wp-content/uploads/sites/12/2023/09/GettyImages-136209560-e1694502979550.jpg?w=1024,3,3,3,3,4,1,3,4,4,4,4,Herding Dogs,3
Brittany,https://dogtime.com/dog-breeds/brittany,https://dogtime.com/wp-content/uploads/sites/12/2023/08/GettyImages-478873873-1-e1693194046688.jpg?w=1024,3,1,3,1,5,3,4,3,4,3,5,Sporting Dogs,3
Broholmer,https://dogtime.com/dog-breeds/broholmer,https://dogtime.com/wp-content/uploads/sites/12/2023/09/GettyImages-1321452598-e1694301065136.jpg?w=1024,3,2,4,3,4,3,4,5,3,3,3,Companion Dogs,3
Brussels Griffon,https://dogtime.com/dog-breeds/brussels-griffon,https://dogtime.com/wp-content/uploads/sites/12/2023/08/GettyImages-179861205-e1691003748400.jpg?w=1024,3,5,2,1,4,3,3,1,3,4,4,Companion Dogs,4
Bugg,https://dogtime.com/dog-breeds/bugg,https://dogtime.com/wp-content/uploads/sites/12/2019/12/bugg-mixed-dog-breed-pictures-cover.jpg,3,5,4,2,3,2,4,2,3,4,3,Mixed Breed Dogs,4
Bull-Pei,https://dogtime.com/dog-breeds/bull-pei,https://dogtime.com/wp-content/uploads/sites/12/2020/03/bull-pei-mixed-dog-breed-pictures-cover.jpg,2,4,2,3,2,4,3,3,2,2,2,Mixed Breed Dogs,3
Bull Terrier,https://dogtime.com/dog-breeds/bull-terrier,https://dogtime.com/wp-content/uploads/sites/12/2011/01/GettyImages-171949422-e1688480338712.jpg,3,4,4,2,5,3,4,2,4,1,5,Terrier Dogs,4
Bullador,https://dogtime.com/dog-breeds/bullador,https://dogtime.com/wp-content/uploads/sites/12/2020/02/bullador-mixed-dog-breed-pictures-cover.jpg,2,2,2,2,4,4,3,4,4,4,4,Mixed Breed Dogs,3
Bullboxer Pit,https://dogtime.com/dog-breeds/bullboxer-pit,https://dogtime.com/wp-content/uploads/sites/12/2019/07/bullboxer-pit-mixed-dog-breed-pictures-cover.jpg,2,1,2,2,3,4,4,3,4,4,5,Mixed Breed Dogs,4
Bulldog,https://dogtime.com/dog-breeds/bulldog,https://dogtime.com/wp-content/uploads/sites/12/2011/01/GettyImages-168620477-e1691273341205.jpg?w=1024,3,5,4,3,4,3,4,2,2,4,3,Companion Dogs,3
Bullmastiff,https://dogtime.com/dog-breeds/bullmastiff,https://dogtime.com/wp-content/uploads/sites/12/2023/08/GettyImages-1352427667-e1690999364784.jpg?w=1024,3,3,2,2,4,1,2,5,3,4,4,Working Dogs,2
Bullmatian,https://dogtime.com/dog-breeds/bullmatian,https://dogtime.com/wp-content/uploads/sites/12/2019/07/bullmation-mixed-dog-breed-pictures-cover.jpg,2,2,1,3,4,2,4,3,3,2,4,Mixed Breed Dogs,3
Cairn Terrier,https://dogtime.com/dog-breeds/cairn-terrier,https://dogtime.com/wp-content/uploads/sites/12/2011/01/GettyImages-510060506-e1689725025862.jpg?w=1024,4,5,4,1,5,3,4,1,4,4,5,Terrier Dogs,4
Canaan Dog,https://dogtime.com/dog-breeds/canaan-dog,https://dogtime.com/wp-content/uploads/sites/12/2023/09/download-e1694642126180.jpg,4,4,4,3,3,4,5,3,3,3,4,Herding Dogs,4
Cane Corso,https://dogtime.com/dog-breeds/cane-corso,https://dogtime.com/wp-content/uploads/sites/12/2014/08/GettyImages-1141876630-e1691880224156.jpg,2,1,1,1,3,3,3,4,4,3,4,Working Dogs,3
Cardigan Welsh Corgi,https://dogtime.com/dog-breeds/cardigan-welsh-corgi,https://dogtime.com/wp-content/uploads/sites/12/2023/09/GettyImages-1446223089-1-e1695252647170.jpg?w=1024,4,4,4,3,4,4,4,2,3,2,3,Herding Dogs,4
Catahoula Bulldog,https://dogtime.com/dog-breeds/catahoula-bulldog,https://dogtime.com/wp-content/uploads/sites/12/2019/08/GettyImages-485256453-e1710520093615.jpg?w=1024,2,1,1,3,3,1,4,4,3,3,5,Mixed Breed Dogs,4
Catahoula Leopard Dog,https://dogtime.com/dog-breeds/catahoula-leopard-dog,https://dogtime.com/wp-content/uploads/sites/12/2011/01/GettyImages-621482340-e1694712115798.jpg?w=1024,2,1,1,2,3,3,3,4,3,3,4,Herding Dogs,4
Caucasian Shepherd Dog,https://dogtime.com/dog-breeds/caucasian-shepherd-dog,https://dogtime.com/wp-content/uploads/sites/12/2023/09/GettyImages-153484492-e1694628785728.jpg?w=1024,3,2,1,3,3,4,3,5,3,3,3,Working Dogs,3
Cav-a-Jack,https://dogtime.com/dog-breeds/cav-a-jack,https://dogtime.com/wp-content/uploads/sites/12/2019/10/cav-a-jack-mixed-dog-breed-pictures-cover.jpg,3,4,4,1,4,2,3,2,4,3,4,Mixed Breed Dogs,4
Cavachon,https://dogtime.com/dog-breeds/cavachon,https://dogtime.com/wp-content/uploads/sites/12/2019/08/cavachon-mixed-dog-breed-pictures-cover.jpg,4,5,5,1,5,2,4,2,3,3,4,Mixed Breed Dogs,4
Cavador,https://dogtime.com/dog-breeds/cavador,https://dogtime.com/wp-content/uploads/sites/12/2019/08/cavador-mixed-dog-breed-pictures-cover.jpg,3,3,5,2,4,3,4,3,3,3,4,Mixed Breed Dogs,4
Cavalier King Charles Spaniel,https://dogtime.com/dog-breeds/cavalier-king-charles-spaniel,https://dogtime.com/wp-content/uploads/sites/12/2011/01/GettyImages-114508551.jpg?w=1024,4,5,5,1,5,3,4,2,3,3,4,Companion Dogs,4
Cavapoo,https://dogtime.com/dog-breeds/cavapoo,https://dogtime.com/wp-content/uploads/sites/12/2019/08/GettyImages-173255251-e1692542655509.jpg?w=1024,3,3,3,2,5,2,3,2,3,2,3,Mixed Breed Dogs,4
Cesky Terrier,https://dogtime.com/dog-breeds/cesky-terrier,https://dogtime.com/wp-content/uploads/sites/12/2023/10/GettyImages-1483197146-e1698431289792.jpg?w=1024,4,5,4,3,3,1,5,2,3,3,3,Terrier Dogs,4
Chabrador,https://dogtime.com/dog-breeds/chabrador,https://dogtime.com/wp-content/uploads/sites/12/2019/08/chabrador-mixed-dog-breed-pictures-cover.jpg,3,4,2,3,3,4,4,3,3,3,4,Mixed Breed Dogs,3
Cheagle,https://dogtime.com/dog-breeds/cheagle,https://dogtime.com/wp-content/uploads/sites/12/2019/07/cheagle-mixed-dog-breed-pictures-cover.jpg,3,4,4,1,3,3,3,2,3,4,4,Mixed Breed Dogs,4
Chesapeake Bay Retriever,https://dogtime.com/dog-breeds/chesapeake-bay-retriever,https://dogtime.com/wp-content/uploads/sites/12/2023/08/GettyImages-1351309778-e1691157319495.jpg?w=1024,3,1,1,2,3,5,4,3,3,3,5,Sporting Dogs,3
Chi Chi,https://dogtime.com/dog-breeds/chi-chi,https://dogtime.com/wp-content/uploads/sites/12/2020/01/chi-chi-mixed-dog-breed-pictures-cover.jpg,3,4,2,2,3,2,4,2,3,4,4,Mixed Breed Dogs,5
Chi-Poo,https://dogtime.com/dog-breeds/chi-poo,https://dogtime.com/wp-content/uploads/sites/12/2019/08/GettyImages-1176486702-e1710811043816.jpg?w=1024,4,5,5,4,4,2,2,2,4,3,3,Mixed Breed Dogs,4
Chigi,https://dogtime.com/dog-breeds/chigi,https://dogtime.com/wp-content/uploads/sites/12/2020/01/chigi-mixed-dog-breed-pictures-cover.jpg,3,3,4,2,4,4,3,1,3,2,4,Mixed Breed Dogs,4
Chihuahua,https://dogtime.com/dog-breeds/chihuahua,https://dogtime.com/wp-content/uploads/sites/12/2023/11/GettyImages-1329412827-e1701097258260.jpg?w=1024,3,5,4,1,4,2,2,1,3,3,3,Companion Dogs,4
Chilier,https://dogtime.com/dog-breeds/chilier,https://dogtime.com/wp-content/uploads/sites/12/2022/11/Chilier.jpg,3,4,2,2,4,2,4,2,3,3,4,Mixed Breed Dogs,4
Chinese Crested,https://dogtime.com/dog-breeds/chinese-crested,https://dogtime.com/wp-content/uploads/sites/12/2011/01/GettyImages-1421387129-e1692205550412.jpg?w=1024,3,5,3,1,4,2,5,2,3,3,2,Companion Dogs,4
Chinese Shar-Pei,https://dogtime.com/dog-breeds/chinese-shar-pei,https://dogtime.com/wp-content/uploads/sites/12/2023/09/GettyImages-597227541-e1695135121879.jpg?w=1024,3,4,2,4,2,5,1,3,3,5,2,Working Dogs,3
Chinook,https://dogtime.com/dog-breeds/chinook,https://dogtime.com/wp-content/uploads/sites/12/2023/08/GettyImages-1484936277-e1690933859165.jpg?w=1024,3,4,1,1,5,5,4,4,3,2,3,Working Dogs,4
Chion,https://dogtime.com/dog-breeds/chion,https://dogtime.com/wp-content/uploads/sites/12/2020/01/chion-mixed-dog-breed-pictures-cover.jpg,3,4,3,2,3,2,4,2,3,4,3,Mixed Breed Dogs,4
Chipin,https://dogtime.com/dog-breeds/chipin,https://dogtime.com/wp-content/uploads/sites/12/2019/07/chipin-mixed-dog-breed-pictures-cover.jpg,3,5,4,1,3,2,3,1,3,2,4,Mixed Breed Dogs,4
Chiweenie,https://dogtime.com/dog-breeds/chiweenie,https://dogtime.com/wp-content/uploads/sites/12/2019/07/GettyImages-1500430783-e1692662779466.jpg?w=1024,3,5,3,2,3,1,3,1,3,5,4,Mixed Breed Dogs,4
Chorkie,https://dogtime.com/dog-breeds/chorkie,https://dogtime.com/wp-content/uploads/sites/12/2020/01/chorkie-mixed-dog-breed-pictures-cover.jpg,3,5,5,1,3,2,3,1,3,4,4,Mixed Breed Dogs,4
Chow Chow,https://dogtime.com/dog-breeds/chow-chow,https://dogtime.com/wp-content/uploads/sites/12/2023/08/GettyImages-91735840-e1691246757938.jpg?w=1024,3,3,2,5,1,1,2,4,2,1,2,Working Dogs,4
Chow Shepherd,https://dogtime.com/dog-breeds/chow-shepherd,https://dogtime.com/wp-content/uploads/sites/12/2020/01/chow-shepherd-mixed-dog-breed-pictures-cover.jpg,3,3,2,2,3,5,3,4,3,2,5,Mixed Breed Dogs,4
Chug,https://dogtime.com/dog-breeds/chug,https://dogtime.com/wp-content/uploads/sites/12/2019/07/GettyImages-490935941-e1695663470138.jpg?w=1024,3,5,3,3,4,4,4,1,3,2,4,Mixed Breed Dogs,3
Chusky,https://dogtime.com/dog-breeds/chusky,https://dogtime.com/wp-content/uploads/sites/12/2019/08/chusky-mixed-dog-breed-pictures-cover.jpg,3,2,2,3,4,5,3,3,3,4,4,Mixed Breed Dogs,3
Cirneco dellï¿½Etna,https://dogtime.com/dog-breeds/cirneco-delletna,https://dogtime.com/wp-content/uploads/sites/12/2023/09/GettyImages-873593792-e1694477734169.jpg?w=1024,3,4,3,3,4,2,5,3,3,3,3,Companion Dogs,4
Clumber Spaniel,https://dogtime.com/dog-breeds/clumber-spaniel,https://dogtime.com/wp-content/uploads/sites/12/2023/10/GettyImages-96823791-e1698679241418.jpg,4,5,5,2,4,5,2,3,4,1,3,Sporting Dogs,4
Cockalier,https://dogtime.com/dog-breeds/cockalier,https://dogtime.com/wp-content/uploads/sites/12/2019/10/cockalier-mixed-dog-breed-picture-cover.jpg,3,4,4,2,4,2,4,2,3,2,4,Mixed Breed Dogs,4
Cockapoo,https://dogtime.com/dog-breeds/cockapoo,https://dogtime.com/wp-content/uploads/sites/12/2011/01/GettyImages-1207034679-1.jpg?w=1024,4,4,5,3,5,1,2,2,3,2,4,Hybrid Dogs,4
Cocker Spaniel,https://dogtime.com/dog-breeds/cocker-spaniel,https://dogtime.com/wp-content/uploads/sites/12/2011/01/GettyImages-168362733-e1691522067206.jpg?w=1024,4,5,3,1,4,3,4,2,4,3,3,Sporting Dogs,4
Collie,https://dogtime.com/dog-breeds/collie,https://dogtime.com/wp-content/uploads/sites/12/2023/08/GettyImages-865592368-e1692904739165.jpg?w=1024,4,3,4,2,5,5,3,3,3,4,3,Herding Dogs,4
Corgi Inu,https://dogtime.com/dog-breeds/corgi-inu,https://dogtime.com/wp-content/uploads/sites/12/2019/08/corgi-inu-mixed-dog-breed-pictures-cover.jpg,3,4,3,3,3,5,3,2,3,3,4,Mixed Breed Dogs,4
Corgidor,https://dogtime.com/dog-breeds/corgidor,https://dogtime.com/wp-content/uploads/sites/12/2019/07/corgidor-mixed-dog-breed-pictures-cover.jpg,3,3,2,3,4,5,4,3,3,2,4,Mixed Breed Dogs,4
Corman Shepherd,https://dogtime.com/dog-breeds/corman-shepherd,https://dogtime.com/wp-content/uploads/sites/12/2019/11/GettyImages-1179001853-e1709836185255.jpg?w=1024,3,2,2,3,4,5,3,3,3,3,4,Mixed Breed Dogs,4
Coton de Tulear,https://dogtime.com/dog-breeds/coton-de-tulear,https://dogtime.com/wp-content/uploads/sites/12/2023/11/GettyImages-490473024-e1699994891842.jpg,4,5,4,1,5,1,5,1,3,2,3,Companion Dogs,5
Curly-Coated Retriever,https://dogtime.com/dog-breeds/curly-coated-retriever,https://dogtime.com/wp-content/uploads/sites/12/2023/10/GettyImages-1204876364-e1698426594947.jpg?w=1024,3,1,3,3,4,3,2,3,4,3,4,Sporting Dogs,3
Dachsador,https://dogtime.com/dog-breeds/dachsador,https://dogtime.com/wp-content/uploads/sites/12/2019/09/dachsador-mixed-dog-breed-pictures-cover.jpg,3,4,2,2,4,2,4,2,3,2,4,Mixed Breed Dogs,4
Dachshund,https://dogtime.com/dog-breeds/dachshund,https://dogtime.com/wp-content/uploads/sites/12/2011/01/GettyImages-700141990-e1688418771301.jpg,3,5,4,3,3,3,2,1,4,5,3,Hound Dogs,4
Dalmatian,https://dogtime.com/dog-breeds/dalmatian,https://dogtime.com/wp-content/uploads/sites/12/2011/01/GettyImages-177292392-e1692667966241.jpg?w=1024,3,2,3,3,4,5,4,3,3,2,5,Companion Dogs,4
Dandie Dinmont Terrier,https://dogtime.com/dog-breeds/dandie-dinmont-terrier,https://dogtime.com/wp-content/uploads/sites/12/2023/11/GettyImages-182665308-e1699630765162.jpg?w=1024,3,4,4,2,4,3,3,1,3,2,3,Terrier Dogs,4
Daniff,https://dogtime.com/dog-breeds/daniff,https://dogtime.com/wp-content/uploads/sites/12/2019/11/daniff-mixed-dog-breed-pictures-cover.jpg,3,2,2,1,4,2,3,5,3,1,4,Mixed Breed Dogs,3
Deutscher Wachtelhund,https://dogtime.com/dog-breeds/deutscher-wachtelhund,https://dogtime.com/wp-content/uploads/sites/12/2019/10/GettyImages-180794233-e1708197323228.jpg,3,3,3,2,4,3,5,4,3,3,4,Sporting Dogs,4
Doberdor,https://dogtime.com/dog-breeds/doberdor,https://dogtime.com/wp-content/uploads/sites/12/2019/08/doberdor-mixed-breed-dog-pictures-cover.jpg,2,1,1,2,3,1,4,5,3,4,5,Mixed Breed Dogs,4
Doberman Pinscher,https://dogtime.com/dog-breeds/doberman-pinscher,https://dogtime.com/wp-content/uploads/sites/12/2011/01/GettyImages-474330006-e1691273994614.jpg?w=1024,3,3,3,2,3,4,1,4,3,1,4,Working Dogs,3
Docker,https://dogtime.com/dog-breeds/docker,https://dogtime.com/wp-content/uploads/sites/12/2019/07/docker-mixed-dog-breed-pictures-cover.jpg,3,3,2,2,3,3,3,2,4,4,3,Mixed Breed Dogs,4
Dogo Argentino,https://dogtime.com/dog-breeds/dogo-argentino,https://dogtime.com/wp-content/uploads/sites/12/2023/09/GettyImages-1189927950-e1695058009178.jpg?w=1024,2,1,1,2,3,1,3,4,3,2,4,Sporting Dogs,4
Dogue de Bordeaux,https://dogtime.com/dog-breeds/dogue-de-bordeaux,https://dogtime.com/wp-content/uploads/sites/12/2011/01/GettyImages-870835468-e1688165931787.jpg?w=1024,3,5,1,2,3,3,2,4,3,2,3,Working Dogs,3
Dorgi,https://dogtime.com/dog-breeds/dorgi,https://dogtime.com/wp-content/uploads/sites/12/2019/08/dorgi-mixed-dog-breed-pictures-cover.jpg,3,4,4,1,4,2,4,2,3,3,4,Mixed Breed Dogs,4
Dorkie,https://dogtime.com/dog-breeds/dorkie,https://dogtime.com/wp-content/uploads/sites/12/2020/01/5818864337_54aff6a807_k-e1711057877276.jpg,3,5,4,2,4,3,2,1,3,2,2,Mixed Breed Dogs,4
Doxiepoo,https://dogtime.com/dog-breeds/doxiepoo,https://dogtime.com/wp-content/uploads/sites/12/2019/08/doxiepoo-mixed-dog-breed-pictures-cover.jpg,3,5,3,2,3,3,4,2,4,5,4,Mixed Breed Dogs,4
Doxle,https://dogtime.com/dog-breeds/doxle,https://dogtime.com/wp-content/uploads/sites/12/2024/02/GettyImages-1296253583-e1708025763898.jpg?w=1024,3,2,4,1,5,5,4,3,4,5,5,Mixed Breed Dogs,4
Drentsche Patrijshond,https://dogtime.com/dog-breeds/drentsche-patrijshond,https://dogtime.com/wp-content/uploads/sites/12/2024/03/GettyImages-488979219-e1710430789588.jpg?w=1024,3,3,2,3,4,4,4,3,3,2,4,Working Dogs,4
Drever,https://dogtime.com/dog-breeds/drever,https://dogtime.com/wp-content/uploads/sites/12/2023/09/GettyImages-1161618692-e1695350939289.jpg?w=1024,3,4,3,2,4,3,5,3,3,4,4,Hound Dogs,4
Dutch Shepherd,https://dogtime.com/dog-breeds/dutch-shepherd,https://dogtime.com/wp-content/uploads/sites/12/2023/10/GettyImages-1200407537-1-e1697827592829.jpg?w=1024,3,3,3,2,4,4,4,3,3,2,4,Herding Dogs,4
English Cocker Spaniel,https://dogtime.com/dog-breeds/english-cocker-spaniel,https://dogtime.com/wp-content/uploads/sites/12/2023/08/GettyImages-672429448-1-e1691168259563.jpg?w=1024,4,5,4,1,5,3,4,2,4,4,4,Sporting Dogs,4
English Foxhound,https://dogtime.com/dog-breeds/english-foxhound,https://dogtime.com/wp-content/uploads/sites/12/2023/09/GettyImages-175419423-e1693750736808.jpg,3,1,2,4,4,3,4,3,4,4,5,Hound Dogs,3
English Setter,https://dogtime.com/dog-breeds/english-setter,https://dogtime.com/wp-content/uploads/sites/12/2023/08/GettyImages-1186378289-e1691459172268.jpg?w=1024,3,1,3,1,5,3,3,3,4,4,4,Sporting Dogs,4
English Springer Spaniel,https://dogtime.com/dog-breeds/english-springer-spaniel,https://dogtime.com/wp-content/uploads/sites/12/2023/09/GettyImages-1187748676-e1693582587759.jpg,3,1,3,1,5,3,3,3,4,3,5,Sporting Dogs,4
English Toy Spaniel,https://dogtime.com/dog-breeds/english-toy-spaniel,https://dogtime.com/wp-content/uploads/sites/12/2011/01/file_23106_english-toy-spaniel.jpg,3,4,4,1,4,5,2,2,3,3,3,Companion Dogs,3
Entlebucher Mountain Dog,https://dogtime.com/dog-breeds/entlebucher-mountain-dog,https://dogtime.com/wp-content/uploads/sites/12/2023/09/GettyImages-1446374246-e1695303266393.jpg?w=1024,3,1,2,3,4,3,3,3,4,5,5,Herding Dogs,3
Estrela Mountain Dog,https://dogtime.com/dog-breeds/estrela-mountain-dog,https://dogtime.com/wp-content/uploads/sites/12/2023/08/GettyImages-1256997194-e1691757468416.jpg?w=1024,3,1,3,3,4,4,4,4,3,3,3,Herding Dogs,4
Eurasier,https://dogtime.com/dog-breeds/eurasier,https://dogtime.com/wp-content/uploads/sites/12/2023/08/GettyImages-506910133-e1691284962938.jpg?w=1024,3,4,3,1,4,4,4,4,2,2,3,Companion Dogs,4
Field Spaniel,https://dogtime.com/dog-breeds/field-spaniel,https://dogtime.com/wp-content/uploads/sites/12/2023/08/GettyImages-993615914-1-e1691887233572.jpg?w=1024,3,1,3,1,5,3,3,2,4,2,5,Sporting Dogs,3
Finnish Lapphund,https://dogtime.com/dog-breeds/finnish-lapphund,https://dogtime.com/wp-content/uploads/sites/12/2023/07/GettyImages-1064585256-e1693319513940.jpg,4,4,4,2,5,3,4,3,4,3,5,Herding Dogs,4
Finnish Spitz,https://dogtime.com/dog-breeds/finnish-spitz,https://dogtime.com/wp-content/uploads/sites/12/2023/08/GettyImages-490054960-1-e1691172054332.jpg?w=1024,3,3,3,1,5,4,4,3,4,5,5,Sporting Dogs,4
Flat-Coated Retriever,https://dogtime.com/dog-breeds/flat-coated-retriever,https://dogtime.com/wp-content/uploads/sites/12/2023/10/GettyImages-1437669412-e1698601773598.jpg?w=1024,3,1,2,1,5,3,4,3,4,4,5,Sporting Dogs,3
Fox Terrier,https://dogtime.com/dog-breeds/fox-terrier,https://dogtime.com/wp-content/uploads/sites/12/2024/01/GettyImages-828399432-e1705075052179.jpg?w=1024,3,3,3,3,4,2,4,2,4,3,5,Terrier Dogs,4
French Bulldog,https://dogtime.com/dog-breeds/french-bulldog,https://dogtime.com/wp-content/uploads/sites/12/2024/01/GettyImages-821730372-e1705934561973.jpg?w=1024,3,5,5,1,4,3,2,2,3,3,4,Companion Dogs,4
French Spaniel,https://dogtime.com/dog-breeds/french-spaniel,https://dogtime.com/wp-content/uploads/sites/12/2023/09/GettyImages-1186335905-e1696010191914.jpg?w=1024,3,2,4,3,4,3,4,3,3,2,4,Sporting Dogs,3
Frenchton,https://dogtime.com/dog-breeds/frenchton,https://dogtime.com/wp-content/uploads/sites/12/2020/01/frenchton-mixed-dog-breed-pictures-cover.jpg,4,5,5,2,5,4,4,2,3,3,4,Mixed Breed Dogs,4
Frengle,https://dogtime.com/dog-breeds/frengle,https://dogtime.com/wp-content/uploads/sites/12/2020/02/frengle-mixed-dog-breed-pictures-cover.jpg,3,4,4,3,5,3,4,3,3,2,4,Mixed Breed Dogs,4
German Pinscher,https://dogtime.com/dog-breeds/german-pinscher,https://dogtime.com/wp-content/uploads/sites/12/2023/10/GettyImages-1241525012-1-e1696424722713.jpg?w=1024,3,3,3,3,3,3,4,3,4,3,5,Working Dogs,4
German Shepherd Dog,https://dogtime.com/dog-breeds/german-shepherd-dog,https://dogtime.com/wp-content/uploads/sites/12/2023/11/GettyImages-529202089-e1701095552546.jpg?w=1024,3,3,2,2,4,5,4,4,4,4,5,Herding Dogs,4
German Shepherd Pit Bull,https://dogtime.com/dog-breeds/german-shepherd-pit-bull,https://dogtime.com/wp-content/uploads/sites/12/2020/02/german-shepherd-pit-bull-mixed-dog-breed-pictures-COVER.jpg,2,1,1,1,5,5,4,4,4,4,5,Mixed Breed Dogs,3
German Sheprador,https://dogtime.com/dog-breeds/german-sheprador,https://dogtime.com/wp-content/uploads/sites/12/2019/09/german-sheprador-mixed-dog-breed-pictures-cover.jpg,3,2,1,2,5,5,3,4,4,2,5,Mixed Breed Dogs,3
German Shorthaired Pointer,https://dogtime.com/dog-breeds/german-shorthaired-pointer,https://dogtime.com/wp-content/uploads/sites/12/2023/07/GettyImages-1287712832-e1692459746136.jpg?w=1024,2,1,2,1,4,2,3,3,5,3,5,Sporting Dogs,4
German Spitz,https://dogtime.com/dog-breeds/german-spitz,https://dogtime.com/wp-content/uploads/sites/12/2023/09/GettyImages-1145716084-e1695412569891.jpg?w=1024,3,4,2,3,4,4,4,1,4,4,4,Companion Dogs,4
German Wirehaired Pointer,https://dogtime.com/dog-breeds/german-wirehaired-pointer,https://dogtime.com/wp-content/uploads/sites/12/2023/08/GettyImages-1370794115-e1693316668360.jpg?w=1024,3,2,3,2,3,2,4,4,4,3,5,Sporting Dogs,4
Giant Schnauzer,https://dogtime.com/dog-breeds/giant-schnauzer,https://dogtime.com/wp-content/uploads/sites/12/2011/01/GettyImages-153483247.jpg,2,1,1,2,3,4,4,4,4,4,4,Working Dogs,3
Glen of Imaal Terrier,https://dogtime.com/dog-breeds/glen-of-imaal-terrier,https://dogtime.com/wp-content/uploads/sites/12/2023/09/GettyImages-154451984-e1693662214622.jpg?w=1024,3,4,2,3,4,1,5,1,4,4,4,Terrier Dogs,4
Goberian,https://dogtime.com/dog-breeds/goberian,https://dogtime.com/wp-content/uploads/sites/12/2023/10/GettyImages-1321083270-e1696256621612.jpg?w=1024,3,1,2,2,4,2,4,4,3,2,5,Mixed Breed Dogs,4
Goldador,https://dogtime.com/dog-breeds/goldador,https://dogtime.com/wp-content/uploads/sites/12/2024/03/GettyImages-1360847842-e1709654744507.jpg?w=1024,4,2,4,4,5,3,4,4,3,1,5,Hybrid Dogs,4
Golden Cocker Retriever,https://dogtime.com/dog-breeds/golden-cocker-retriever,https://dogtime.com/wp-content/uploads/sites/12/2019/10/golden-cocker-retriever-mixed-dog-breed-pictures-cover-1.jpg,3,1,4,1,4,4,4,3,3,3,4,Mixed Breed Dogs,4
Golden Mountain Dog,https://dogtime.com/dog-breeds/golden-mountain-dog,https://dogtime.com/wp-content/uploads/sites/12/2024/01/GettyImages-1000435950-e1705593968178.jpg?w=1024,2,1,2,2,4,4,3,5,3,3,4,Mixed Breed Dogs,4
Golden Retriever,https://dogtime.com/dog-breeds/golden-retriever,https://dogtime.com/wp-content/uploads/sites/12/2024/03/GettyImages-1285465107-e1710251441662.jpg?w=1024,3,2,3,1,5,5,2,3,4,3,4,Sporting Dogs,3
Golden Retriever Corgi,https://dogtime.com/dog-breeds/golden-retriever-corgi,https://dogtime.com/wp-content/uploads/sites/12/2020/01/golden-retriever-corgi-mixed-dog-breed-pictures-cover.jpg,3,3,4,3,5,4,3,3,3,3,4,Mixed Breed Dogs,3
Golden Shepherd,https://dogtime.com/dog-breeds/golden-shepherd,https://dogtime.com/wp-content/uploads/sites/12/2024/01/Screen-Shot-2024-01-18-at-1.14.53-PM.png,3,2,2,1,5,5,3,5,4,3,5,Mixed Breed Dogs,4
Goldendoodle,https://dogtime.com/dog-breeds/goldendoodle,https://dogtime.com/wp-content/uploads/sites/12/2011/01/GettyImages-142805141-e1689614063230.jpg?w=1024,3,1,4,3,5,2,3,4,3,3,4,Hybrid Dogs,4
Gollie,https://dogtime.com/dog-breeds/gollie,https://dogtime.com/wp-content/uploads/sites/12/2019/09/gollie-mixed-dog-breed-pictures-1-1.jpg,3,1,4,2,5,4,3,3,3,2,4,Mixed Breed Dogs,4
Gordon Setter,https://dogtime.com/dog-breeds/gordon-setter,https://dogtime.com/wp-content/uploads/sites/12/2023/09/GettyImages-1297799155-e1694182101120.jpg?w=1024,3,2,3,1,3,5,4,3,4,5,4,Sporting Dogs,3
Great Dane,https://dogtime.com/dog-breeds/great-dane,https://dogtime.com/wp-content/uploads/sites/12/2024/01/GettyImages-1372212075-e1705674944967.jpg?w=1024,2,1,1,1,5,5,4,5,3,4,5,Working Dogs,2
Great Pyrenees,https://dogtime.com/dog-breeds/great-pyrenees,https://dogtime.com/wp-content/uploads/sites/12/2023/11/GettyImages-1392624178-e1699369134229.jpg?w=1024,3,1,1,3,4,5,2,5,4,5,5,Working Dogs,3
Greater Swiss Mountain Dog,https://dogtime.com/dog-breeds/greater-swiss-mountain-dog,https://dogtime.com/wp-content/uploads/sites/12/2023/10/GettyImages-481853236-e1696252573739.jpg?w=1024,3,1,2,3,5,3,2,5,3,4,4,Working Dogs,2
Greyador,https://dogtime.com/dog-breeds/greyador,https://dogtime.com/wp-content/uploads/sites/12/2020/02/greyador-mixed-dog-breed-pictures-COVER.jpg,3,3,2,1,5,5,4,4,4,4,4,Mixed Breed Dogs,4
Greyhound,https://dogtime.com/dog-breeds/greyhound,https://dogtime.com/wp-content/uploads/sites/12/2011/01/GettyImages-1307444886-e1689603365467.jpg?w=1024,3,4,2,1,5,4,4,4,4,2,4,Hound Dogs,4
Hamiltonstovare,https://dogtime.com/dog-breeds/hamiltonstovare,https://dogtime.com/wp-content/uploads/sites/12/2019/12/Hamiltonstovare-dog-breed-pictures-cover.jpg,3,3,2,3,4,1,4,3,3,3,4,Hound Dogs,5
Hanoverian Scenthound,https://dogtime.com/dog-breeds/hanoverian-scenthound,https://dogtime.com/wp-content/uploads/sites/12/2019/11/Hanoverian-Scenthound-dog-breed-pictures-cover.jpg,3,2,1,3,4,2,4,4,3,3,4,Working Dogs,4
Harrier,https://dogtime.com/dog-breeds/harrier,https://dogtime.com/wp-content/uploads/sites/12/2011/01/GettyImages-478594617-e1708826665721.jpg?w=1024,3,1,3,3,5,3,5,3,4,4,5,Hound Dogs,3
Havanese,https://dogtime.com/dog-breeds/havanese,https://dogtime.com/wp-content/uploads/sites/12/2011/01/GettyImages-1188952756-e1693150813872.jpg?w=1024,4,5,5,1,5,2,3,2,3,2,3,Companion Dogs,4
Hokkaido,https://dogtime.com/dog-breeds/hokkaido,https://dogtime.com/wp-content/uploads/sites/12/2023/10/Screen-Shot-2023-10-06-at-10.25.31-AM-1-e1696602900421.png,3,3,2,3,4,4,5,3,3,3,3,Working Dogs,4
Horgi,https://dogtime.com/dog-breeds/horgi,https://dogtime.com/wp-content/uploads/sites/12/2019/08/horgi-mixed-dog-breed-pictures-cover.jpg,3,2,2,2,5,4,3,2,4,3,4,Mixed Breed Dogs,4
Huskita,https://dogtime.com/dog-breeds/huskita,https://dogtime.com/wp-content/uploads/sites/12/2019/12/Huskita-Collage-e1710445440763.jpg,3,2,1,1,3,4,4,4,4,5,5,Mixed Breed Dogs,3
Huskydoodle,https://dogtime.com/dog-breeds/huskydoodle,"https://dogtime.com/wp-content/uploads/sites/12/2024/01/GettyImages-980012224.jpg?resize=2048,1357",3,2,2,2,4,3,4,3,3,2,5,Mixed Breed Dogs,4
Ibizan Hound,https://dogtime.com/dog-breeds/ibizan-hound,https://dogtime.com/wp-content/uploads/sites/12/2011/01/GettyImages-524728700-e1694569218246.jpg?w=1024,3,5,3,2,5,3,4,3,4,2,5,Hound Dogs,4
Icelandic Sheepdog,https://dogtime.com/dog-breeds/icelandic-sheepdog,https://dogtime.com/wp-content/uploads/sites/12/2011/01/GettyImages-1249910553-2.jpg,3,1,1,2,3,5,3,3,3,1,4,Herding Dogs,4
Irish Red and White Setter,https://dogtime.com/dog-breeds/irish-red-and-white-setter,https://dogtime.com/wp-content/uploads/sites/12/2023/07/Screen-Shot-2023-07-11-at-10.56.38-AM-e1692452682474.png,3,1,3,1,4,3,2,3,4,3,5,Sporting Dogs,4
Irish Setter,https://dogtime.com/dog-breeds/irish-setter,https://dogtime.com/wp-content/uploads/sites/12/2011/01/GettyImages-986376406-e1692813099422.jpg?w=1024,3,1,3,2,5,4,2,4,5,4,5,Sporting Dogs,4
Irish Terrier,https://dogtime.com/dog-breeds/irish-terrier,https://dogtime.com/wp-content/uploads/sites/12/2023/09/GettyImages-1075596616-e1694717947452.jpg?w=1024,3,3,2,2,4,4,5,3,3,4,5,Terrier Dogs,4
Irish Water Spaniel,https://dogtime.com/dog-breeds/irish-water-spaniel,https://dogtime.com/wp-content/uploads/sites/12/2011/01/14770260620_a14323c80b_h-e1696226376292.jpg,3,3,2,3,5,1,2,3,4,4,4,Sporting Dogs,3
Irish Wolfhound,https://dogtime.com/dog-breeds/irish-wolfhound,https://dogtime.com/wp-content/uploads/sites/12/2023/09/GettyImages-802294198-e1694543128527.jpg?w=1024,2,1,2,2,5,3,1,5,3,1,3,Hound Dogs,1
Italian Greyhound,https://dogtime.com/dog-breeds/italian-greyhound,https://dogtime.com/wp-content/uploads/sites/12/2011/01/GettyImages-1173875200-e1692375001305.jpg?w=1024,3,5,5,1,5,2,3,2,4,3,4,Companion Dogs,4
Jack-A-Poo,https://dogtime.com/dog-breeds/jack-a-poo,https://dogtime.com/wp-content/uploads/sites/12/2020/02/jack-a-poo-mixed-dog-breed-pictures-cover.jpg,4,4,4,2,5,2,3,2,4,3,5,Mixed Breed Dogs,4
Jack Chi,https://dogtime.com/dog-breeds/jack-chi,https://dogtime.com/wp-content/uploads/sites/12/2019/07/jack-chi-mixed-dog-breed-pictures-cover.jpg,3,4,2,3,4,2,4,2,3,2,4,Mixed Breed Dogs,5
Jack Russell Terrier,https://dogtime.com/dog-breeds/jack-russell-terrier,https://dogtime.com/wp-content/uploads/sites/12/2011/01/GettyImages-1165035381-e1691077727532.jpg?w=1024,3,3,2,3,5,3,4,2,4,4,5,Terrier Dogs,4
Japanese Chin,https://dogtime.com/dog-breeds/japanese-chin,https://dogtime.com/wp-content/uploads/sites/12/2023/11/GettyImages-987920506-e1700238374981.jpg?w=1024,3,5,4,1,3,3,3,1,3,3,2,Companion Dogs,4
Japanese Spitz,https://dogtime.com/dog-breeds/japanese-spitz,https://dogtime.com/wp-content/uploads/sites/12/2023/10/GettyImages-1489388446-e1698507707274.jpg?w=1024,3,4,4,2,4,3,3,2,3,4,3,Companion Dogs,4
Korean Jindo Dog,https://dogtime.com/dog-breeds/jindo,https://dogtime.com/wp-content/uploads/sites/12/2018/10/GettyImages-154265953-e1695054866660.jpg?w=1024,3,3,2,2,4,5,4,3,3,5,4,Sporting Dogs,4
Karelian Bear Dog,https://dogtime.com/dog-breeds/karelian-bear-dog,https://dogtime.com/wp-content/uploads/sites/12/2023/08/Screen-Shot-2023-08-19-at-10.09.56-AM-e1692454226742.png,3,2,1,2,3,3,4,3,4,4,4,Working Dogs,3
Keeshond,https://dogtime.com/dog-breeds/keeshond,https://dogtime.com/wp-content/uploads/sites/12/2023/09/GettyImages-954286436-e1695823345532.jpg?w=1024,4,4,4,1,5,5,3,3,3,4,4,Companion Dogs,4
Kerry Blue Terrier,https://dogtime.com/dog-breeds/kerry-blue-terrier,https://dogtime.com/wp-content/uploads/sites/12/2011/01/GettyImages-1297190480-e1709252365876.jpg?w=1024,3,3,2,3,4,1,3,3,4,4,4,Terrier Dogs,4
Komondor,https://dogtime.com/dog-breeds/komondor,https://dogtime.com/wp-content/uploads/sites/12/2023/07/GettyImages-1250679406-e1692462057758.jpg,3,2,1,1,3,3,2,4,4,5,3,Working Dogs,3
Kooikerhondje,https://dogtime.com/dog-breeds/kooikerhondje,https://dogtime.com/wp-content/uploads/sites/12/2023/09/Screen-Shot-2023-09-26-at-2.08.42-PM-e1695751772791.png,3,4,3,2,2,3,5,3,3,3,5,Sporting Dogs,4
Kuvasz,https://dogtime.com/dog-breeds/kuvasz,https://dogtime.com/wp-content/uploads/sites/12/2023/09/GettyImages-1448544277-e1694629203459.jpg?w=1024,3,1,1,1,2,4,4,5,2,3,4,Working Dogs,3
Kyi-Leo,https://dogtime.com/dog-breeds/kyi-leo,https://dogtime.com/wp-content/uploads/sites/12/2019/07/kyi-leo-mixed-dog-breed-pictures-cover.jpg,4,5,4,4,4,2,3,2,3,4,3,Mixed Breed Dogs,4
Lab Pointer,https://dogtime.com/dog-breeds/lab-pointer,https://dogtime.com/wp-content/uploads/sites/12/2019/09/lab-pointer-mixed-dog-breed-pictures-cover.jpg,3,1,4,1,4,2,4,4,4,2,4,Mixed Breed Dogs,4
Labernese,https://dogtime.com/dog-breeds/labernese,https://dogtime.com/wp-content/uploads/sites/12/2019/08/labernese-mixed-dog-breed-pictures-cover.jpg,3,2,4,1,4,4,2,4,3,2,4,Mixed Breed Dogs,2
Labmaraner,https://dogtime.com/dog-breeds/labmaraner,https://dogtime.com/wp-content/uploads/sites/12/2019/08/labmaraner-mixed-dog-breed-pictures-cover.jpg,3,1,4,1,4,1,4,4,4,3,4,Mixed Breed Dogs,3
Labrabull,https://dogtime.com/dog-breeds/labrabull,https://dogtime.com/wp-content/uploads/sites/12/2019/08/Labrabull-mixed-dog-breed-pictures-cover.jpg,3,2,2,1,4,5,3,4,4,3,5,Mixed Breed Dogs,4
Labradane,https://dogtime.com/dog-breeds/labradane,https://dogtime.com/wp-content/uploads/sites/12/2019/07/labradane-mixed-dog-breed-pictures-cover.jpg,3,1,2,2,4,2,4,5,3,1,4,Mixed Breed Dogs,3
Labradoodle,https://dogtime.com/dog-breeds/labradoodle,https://dogtime.com/wp-content/uploads/sites/12/2011/01/GettyImages-1208092301-e1692490137729.jpg,4,3,4,4,5,3,4,4,3,2,5,Hybrid Dogs,4
Labrador Retriever,https://dogtime.com/dog-breeds/labrador-retriever,https://dogtime.com/wp-content/uploads/sites/12/2024/01/GettyImages-590608307-e1706029609404.jpg?w=1024,3,1,3,2,5,5,3,4,4,4,5,Sporting Dogs,3
Labrastaff,https://dogtime.com/dog-breeds/labrastaff,https://dogtime.com/wp-content/uploads/sites/12/2019/09/labrastaff-mixed-dog-breed-picture-cover.jpg,3,2,2,1,4,4,4,4,3,3,4,Mixed Breed Dogs,4
Labsky,https://dogtime.com/dog-breeds/labsky,https://dogtime.com/wp-content/uploads/sites/12/2019/07/labsky-mixed-dog-breed-pictures-cover.jpg,2,2,2,2,4,4,3,4,4,4,5,Mixed Breed Dogs,3
Lagotto Romagnolo,https://dogtime.com/dog-breeds/lagotto-romagnolo,https://dogtime.com/wp-content/uploads/sites/12/2023/10/GettyImages-1211722924-2-e1697045871165.jpg?w=1024,3,2,4,3,3,1,4,2,3,3,4,Sporting Dogs,5
Lakeland Terrier,https://dogtime.com/dog-breeds/lakeland-terrier,https://dogtime.com/wp-content/uploads/sites/12/2023/09/GettyImages-1316778991-e1694448033355.jpg,3,4,3,2,4,2,5,2,3,2,4,Terrier Dogs,4
Lancashire Heeler,https://dogtime.com/dog-breeds/lancashire-heeler,https://dogtime.com/wp-content/uploads/sites/12/2023/09/GettyImages-1432487561-e1694451218118.jpg?w=1024,3,2,2,3,3,3,4,1,3,2,4,Herding Dogs,3
Leonberger,https://dogtime.com/dog-breeds/leonberger,https://dogtime.com/wp-content/uploads/sites/12/2023/09/GettyImages-1222400991-e1694096032487.jpg?w=1024,2,1,1,2,4,5,1,5,3,3,4,Working Dogs,3
Lhasa Apso,https://dogtime.com/dog-breeds/lhasa-apso,https://dogtime.com/wp-content/uploads/sites/12/2023/08/GettyImages-1483197154-e1693252246421.jpg?w=1024,4,5,5,4,3,3,3,1,3,4,4,Companion Dogs,4
Lhasapoo,https://dogtime.com/dog-breeds/lhasapoo,https://dogtime.com/wp-content/uploads/sites/12/2020/02/lhasapoo-mixed-dog-breed-pictures-cover.jpg,3,4,2,2,3,1,4,3,3,4,4,Mixed Breed Dogs,4
Lowchen,https://dogtime.com/dog-breeds/lowchen,https://dogtime.com/wp-content/uploads/sites/12/2023/11/GettyImages-899407726-e1700520507319.jpg,3,5,4,1,5,3,5,1,4,4,4,Companion Dogs,4
Maltese,https://dogtime.com/dog-breeds/maltese,https://dogtime.com/wp-content/uploads/sites/12/2023/09/GettyImages-1160956147-e1694625569541.jpg,3,5,5,1,4,2,3,1,3,2,3,Companion Dogs,4
Maltese Shih Tzu,https://dogtime.com/dog-breeds/maltese-shih-tzu,https://dogtime.com/wp-content/uploads/sites/12/2023/10/GettyImages-184919092-e1698683026132.jpg?w=1024,3,5,5,3,3,1,2,1,4,4,3,Hybrid Dogs,4
Maltipoo,https://dogtime.com/dog-breeds/maltipoo,https://dogtime.com/wp-content/uploads/sites/12/2011/01/GettyImages-1455758529-e1688370717758.jpg?w=1024,4,5,5,1,4,1,2,2,4,5,3,Hybrid Dogs,3
Manchester Terrier,https://dogtime.com/dog-breeds/manchester-terrier,https://dogtime.com/wp-content/uploads/sites/12/2023/09/GettyImages-130848030-e1694618735168.jpg?w=1024,3,5,3,3,3,3,2,2,3,4,4,Terrier Dogs,5
Mastador,https://dogtime.com/dog-breeds/mastador,https://dogtime.com/wp-content/uploads/sites/12/2019/09/mastador-mixed-dog-breed-picture-cover.jpg,3,1,2,3,4,4,4,4,3,2,4,Mixed Breed Dogs,3
Mastiff,https://dogtime.com/dog-breeds/mastiff,https://dogtime.com/wp-content/uploads/sites/12/2023/11/GettyImages-1489183592-e1700234254918.jpg?w=1024,2,2,1,3,4,3,3,5,2,2,4,Working Dogs,2
Miniature Pinscher,https://dogtime.com/dog-breeds/miniature-pinscher,https://dogtime.com/wp-content/uploads/sites/12/2011/01/GettyImages-661905012-e1691245589685.jpg,3,5,3,2,3,2,3,1,3,1,4,Companion Dogs,4
Miniature Schnauzer,https://dogtime.com/dog-breeds/miniature-schnauzer,https://dogtime.com/wp-content/uploads/sites/12/2011/01/GettyImages-512630175-e1692383207927.jpg,4,4,3,5,4,2,3,2,4,3,4,Terrier Dogs,4
Morkie,https://dogtime.com/dog-breeds/morkie,https://dogtime.com/wp-content/uploads/sites/12/2024/01/GettyImages-1468426253-e1706024827584.jpg?w=1024,3,3,2,2,3,1,4,1,4,5,4,Mixed Breed Dogs,4
Mudi,https://dogtime.com/dog-breeds/mudi,https://dogtime.com/wp-content/uploads/sites/12/2018/04/GettyImages-1489267483-e1694449407987.jpg?w=1024,3,2,4,2,3,3,4,2,4,4,4,Herding Dogs,4
Mutt,https://dogtime.com/dog-breeds/mutt,https://dogtime.com/wp-content/uploads/sites/12/2011/01/file_23228_mutt.jpg,3,3,3,3,3,3,4,3,3,3,3,Mixed Breed Dogs,3
Neapolitan Mastiff,https://dogtime.com/dog-breeds/neapolitan-mastiff,https://dogtime.com/wp-content/uploads/sites/12/2023/09/GettyImages-158773964-e1694440082632.jpg?w=1024,2,2,1,1,3,3,2,5,2,1,3,Working Dogs,2
Newfoundland,https://dogtime.com/dog-breeds/newfoundland,https://dogtime.com/wp-content/uploads/sites/12/2011/01/GettyImages-971166282-e1693688303846.jpg?w=1024,3,1,3,1,5,5,1,5,4,4,3,Working Dogs,2
Norfolk Terrier,https://dogtime.com/dog-breeds/norfolk-terrier,https://dogtime.com/wp-content/uploads/sites/12/2011/01/GettyImages-177762710-e1695912786803.jpg,4,4,5,3,5,1,5,1,3,3,4,Terrier Dogs,4
Norwegian Buhund,https://dogtime.com/dog-breeds/norwegian-buhund,https://dogtime.com/wp-content/uploads/sites/12/2024/02/GettyImages-1437317346-e1708448344400.jpg?w=1024,3,3,3,4,4,3,4,3,3,4,5,Herding Dogs,4
Norwegian Elkhound,https://dogtime.com/dog-breeds/norwegian-elkhound,https://dogtime.com/wp-content/uploads/sites/12/2023/09/GettyImages-998836628-e1694711983854.jpg?w=1024,4,4,4,2,4,5,4,3,4,4,4,Hound Dogs,4
Norwegian Lundehund,https://dogtime.com/dog-breeds/norwegian-lundehund,https://dogtime.com/wp-content/uploads/sites/12/2011/01/GettyImages-187452016-e1692375524799.jpg,3,1,1,2,5,5,3,3,3,1,5,Working Dogs,3
Norwich Terrier,https://dogtime.com/dog-breeds/norwich-terrier,https://dogtime.com/wp-content/uploads/sites/12/2023/09/GettyImages-187066830-e1693694782266.jpg?w=1024,4,5,3,2,5,2,4,1,4,4,5,Terrier Dogs,4
Nova Scotia Duck Tolling Retriever,https://dogtime.com/dog-breeds/nova-scotia-duck-tolling-retriever,https://dogtime.com/wp-content/uploads/sites/12/2023/07/GettyImages-1280594384-1-e1692383020758.jpg?w=1024,4,5,3,2,5,3,4,3,4,4,5,Sporting Dogs,4
Old English Sheepdog,https://dogtime.com/dog-breeds/old-english-sheepdog,https://dogtime.com/wp-content/uploads/sites/12/2023/12/GettyImages-93392743-e1702002148104.jpg?w=1024,4,5,4,2,4,1,4,4,3,1,4,Herding Dogs,3
Otterhound,https://dogtime.com/dog-breeds/otterhound,https://dogtime.com/wp-content/uploads/sites/12/2011/01/file_23034_otterhound.jpg,3,1,4,5,5,4,4,4,4,2,5,Hound Dogs,3
Papillon,https://dogtime.com/dog-breeds/papillon,https://dogtime.com/wp-content/uploads/sites/12/2011/01/GettyImages-919583490-e1692807780270.jpg?w=1024,3,5,5,1,4,2,3,1,3,2,4,Companion Dogs,4
Papipoo,https://dogtime.com/dog-breeds/papipoo,https://dogtime.com/wp-content/uploads/sites/12/2020/01/papipoo-mixed-dog-breed-pictures-cover-1.jpg,4,5,5,1,4,1,3,1,3,2,5,Mixed Breed Dogs,4
Peekapoo,https://dogtime.com/dog-breeds/peekapoo,https://dogtime.com/wp-content/uploads/sites/12/2011/01/file_23222_peekapoo.jpg,4,5,5,2,4,2,3,1,3,4,3,Hybrid Dogs,4
Pekingese,https://dogtime.com/dog-breeds/pekingese,https://dogtime.com/wp-content/uploads/sites/12/2023/11/GettyImages-592689430-e1701106534817.jpg?w=1024,3,5,4,3,3,4,2,1,4,4,2,Companion Dogs,4
Pembroke Welsh Corgi,https://dogtime.com/dog-breeds/pembroke-welsh-corgi,https://dogtime.com/wp-content/uploads/sites/12/2011/01/GettyImages-1193591781-e1689606163833.jpg?w=1024,4,4,4,3,4,5,3,2,3,2,4,Herding Dogs,4
Petit Basset Griffon Vendeen,https://dogtime.com/dog-breeds/petit-basset-griffon-vendeen,https://dogtime.com/wp-content/uploads/sites/12/2011/01/GettyImages-1326613987-e1710166248668.jpg?w=1024,3,4,3,3,5,4,3,2,4,5,5,Hound Dogs,5
Pharaoh Hound,https://dogtime.com/dog-breeds/pharaoh-hound,https://dogtime.com/wp-content/uploads/sites/12/2023/09/GettyImages-87733113-e1694530361947.jpg?w=1024,4,4,4,2,5,2,5,3,4,4,3,Hound Dogs,4
Pitsky,https://dogtime.com/dog-breeds/pitsky,https://dogtime.com/wp-content/uploads/sites/12/2019/07/pitsky-mixed-dog-breed-pictures-cover.jpg,2,2,1,1,5,4,4,3,4,4,5,Mixed Breed Dogs,4
Plott,https://dogtime.com/dog-breeds/plott,https://dogtime.com/wp-content/uploads/sites/12/2024/01/GettyImages-1249959818-1-e1705507108397.jpg?w=1024,2,1,1,2,4,2,5,3,4,1,4,Hound Dogs,4
Pocket Beagle,https://dogtime.com/dog-breeds/pocket-beagle,https://dogtime.com/wp-content/uploads/sites/12/2024/01/GettyImages-106558201-e1704373936986.jpg?w=1024,3,4,3,2,5,3,3,2,4,5,4,Hound Dogs,4
Pointer,https://dogtime.com/dog-breeds/pointer,https://dogtime.com/wp-content/uploads/sites/12/2023/08/GettyImages-130406055-e1693514779447.jpg?w=1024,2,1,1,1,5,3,3,3,5,3,5,Sporting Dogs,4
Polish Lowland Sheepdog,https://dogtime.com/dog-breeds/polish-lowland-sheepdog,https://dogtime.com/wp-content/uploads/sites/12/2023/09/GettyImages-1179752527-e1695392708571.jpg,4,4,2,3,4,1,4,3,3,2,4,Herding Dogs,3
Pomapoo,https://dogtime.com/dog-breeds/pomapoo,https://dogtime.com/wp-content/uploads/sites/12/2019/08/GettyImages-1255276036-e1707598584889.jpg?w=1024,3,5,5,1,4,3,3,1,3,3,3,Mixed Breed Dogs,4
Pomchi,https://dogtime.com/dog-breeds/pomchi,https://dogtime.com/wp-content/uploads/sites/12/2019/08/pomchi-mixed-dog-breed-pictures-cover.jpg,3,4,3,3,3,3,5,1,4,4,4,Mixed Breed Dogs,5
Pomeagle,https://dogtime.com/dog-breeds/pomeagle,https://dogtime.com/wp-content/uploads/sites/12/2019/08/pomeagle-mixed-dog-breed-pictures-cover.jpg,3,4,4,1,4,4,3,1,3,5,4,Mixed Breed Dogs,4
Pomeranian,https://dogtime.com/dog-breeds/pomeranian,https://dogtime.com/wp-content/uploads/sites/12/2011/01/GettyImages-654892254-e1689593598708.jpg?w=1024,3,4,4,1,3,4,3,1,3,5,3,Companion Dogs,4
Pomsky,https://dogtime.com/dog-breeds/pomsky,https://dogtime.com/wp-content/uploads/sites/12/2017/10/GettyImages-1454876890-e1692571487351.jpg?w=1024,3,5,2,1,3,4,3,2,4,5,3,Mixed Breed Dogs,4
Poochon,https://dogtime.com/dog-breeds/poochon,https://dogtime.com/wp-content/uploads/sites/12/2024/02/GettyImages-1816855440-e1709074098535.jpg?w=1024,4,5,5,1,5,1,3,2,3,2,4,Mixed Breed Dogs,4
Poodle,https://dogtime.com/dog-breeds/poodle,https://dogtime.com/wp-content/uploads/sites/12/2011/01/GettyImages-182816790-e1698160624173.jpg,4,5,5,1,5,1,2,4,4,2,4,Companion Dogs,4
Portuguese Podengo Pequeno,https://dogtime.com/dog-breeds/portuguese-podengo-pequeno,https://dogtime.com/wp-content/uploads/sites/12/2019/09/GettyImages-157767491-e1707428265826.jpg?w=1024,3,5,4,3,4,3,4,1,4,4,4,Hound Dogs,4
Portuguese Water Dog,https://dogtime.com/dog-breeds/portuguese-water-dog,https://dogtime.com/wp-content/uploads/sites/12/2023/09/GettyImages-1354073544-e1693697432472.jpg?w=1024,3,4,3,2,5,1,4,3,4,3,5,Working Dogs,4
Pug,https://dogtime.com/dog-breeds/pug,https://dogtime.com/wp-content/uploads/sites/12/2011/01/GettyImages-sb10066858aa-001-e1693353192358.jpg,3,5,5,1,4,5,1,2,2,2,4,Companion Dogs,4
Pugalier,https://dogtime.com/dog-breeds/pugalier,https://dogtime.com/wp-content/uploads/sites/12/2023/09/GettyImages-141824266-e1695067970518.jpg?w=1024,4,5,5,2,5,4,3,2,3,3,4,Mixed Breed Dogs,4
Puggle,https://dogtime.com/dog-breeds/puggle,https://dogtime.com/wp-content/uploads/sites/12/2011/01/GettyImages-173812656-e1692210730692.jpg?w=1024,4,4,5,3,5,3,4,2,3,4,3,Hybrid Dogs,4
Puli,https://dogtime.com/dog-breeds/puli,"https://dogtime.com/wp-content/uploads/sites/12/2023/09/GettyImages-1132440533.jpg?resize=2048,1368",3,4,1,2,4,1,5,3,4,4,5,Herding Dogs,4
Pyrenean Shepherd,https://dogtime.com/dog-breeds/pyrenean-shepherd,https://dogtime.com/wp-content/uploads/sites/12/2011/01/GettyImages-144327004-e1707071663361.jpg?w=1024,3,5,2,1,4,3,2,2,3,5,5,Herding Dogs,5
Rat Terrier,https://dogtime.com/dog-breeds/rat-terrier,https://dogtime.com/wp-content/uploads/sites/12/2011/01/GettyImages-501597845-e1692138856217.jpg?w=1024,3,5,3,3,4,4,4,1,3,1,5,Terrier Dogs,5
Redbone Coonhound,https://dogtime.com/dog-breeds/redbone-coonhound,https://dogtime.com/wp-content/uploads/sites/12/2023/09/GettyImages-478044020-e1695634157315.jpg?w=1024,3,4,2,2,4,2,3,3,4,4,5,Hound Dogs,3
Rhodesian Ridgeback,https://dogtime.com/dog-breeds/rhodesian-ridgeback,https://dogtime.com/wp-content/uploads/sites/12/2011/01/GettyImages-975716310-e1688262804516.jpg?w=1024,3,1,2,2,4,4,4,4,3,1,5,Hound Dogs,3
Rottador,https://dogtime.com/dog-breeds/rottador,https://dogtime.com/wp-content/uploads/sites/12/2019/11/rottador-mixed-dog-breed-pictures-cover.jpg,3,3,2,1,4,4,2,4,4,4,5,Mixed Breed Dogs,3
Rottle,https://dogtime.com/dog-breeds/rottle,https://dogtime.com/wp-content/uploads/sites/12/2019/12/rottle-mixed-dog-breed-pictures-cover.jpg,3,4,3,3,4,2,4,3,3,2,4,Mixed Breed Dogs,4
Rottweiler,https://dogtime.com/dog-breeds/rottweiler,https://dogtime.com/wp-content/uploads/sites/12/2023/11/GettyImages-1198147566-e1701133343267.jpg?w=1024,2,2,1,1,4,4,2,3,4,4,4,Working Dogs,2
Saint Berdoodle,https://dogtime.com/dog-breeds/saint-berdoodle,https://dogtime.com/wp-content/uploads/sites/12/2019/08/Jungle-Curl-Collage-e1707072995312.png,3,2,5,2,5,3,4,4,3,3,3,Mixed Breed Dogs,3
Saint Bernard,https://dogtime.com/dog-breeds/saint-bernard,https://dogtime.com/wp-content/uploads/sites/12/2023/08/GettyImages-587079387-e1693516546155.jpg?w=1024,3,3,2,1,5,4,2,5,2,1,3,Working Dogs,2
Saluki,https://dogtime.com/dog-breeds/saluki,https://dogtime.com/wp-content/uploads/sites/12/2023/09/GettyImages-1395012589-e1693920667739.jpg?w=1024,2,1,2,1,4,2,4,4,4,1,4,Hound Dogs,4
Samoyed,https://dogtime.com/dog-breeds/samoyed,https://dogtime.com/wp-content/uploads/sites/12/2011/01/GettyImages-997016774-e1694111248101.jpg?w=1024,3,2,2,2,5,5,3,3,4,3,4,Working Dogs,4
Samusky,https://dogtime.com/dog-breeds/samusky,https://dogtime.com/wp-content/uploads/sites/12/2019/12/samusky-mixed-dog-breed-pictures-cover.jpg,3,2,3,2,4,4,3,4,3,2,4,Mixed Breed Dogs,4
Schipperke,https://dogtime.com/dog-breeds/schipperke,https://dogtime.com/wp-content/uploads/sites/12/2023/10/GettyImages-1227082883-e1697817166227.jpg?w=1024,3,4,4,3,3,3,4,1,3,4,5,Companion Dogs,4
Schnoodle,https://dogtime.com/dog-breeds/schnoodle,https://dogtime.com/wp-content/uploads/sites/12/2011/01/GettyImages-1177553118-e1691704553367.jpg?w=1024,3,3,5,2,4,2,3,4,3,2,4,Hybrid Dogs,4
Scottish Deerhound,https://dogtime.com/dog-breeds/scottish-deerhound,https://dogtime.com/wp-content/uploads/sites/12/2023/09/GettyImages-705005211-e1694536944778.jpg?w=1024,3,1,1,2,4,5,3,5,3,1,5,Hound Dogs,2
Scottish Terrier,https://dogtime.com/dog-breeds/scottish-terrier,https://dogtime.com/wp-content/uploads/sites/12/2023/10/GettyImages-122599859-e1696958039342.jpg?w=1024,3,4,2,3,4,2,4,2,3,4,4,Terrier Dogs,4
Sealyham Terrier,https://dogtime.com/dog-breeds/sealyham-terrier,https://dogtime.com/wp-content/uploads/sites/12/2011/01/GettyImages-1250645922-1-e1692385289996.jpg?w=1024,4,4,4,2,4,4,5,2,3,2,4,Terrier Dogs,4
Sheepadoodle,https://dogtime.com/dog-breeds/sheepadoodle,https://dogtime.com/wp-content/uploads/sites/12/2020/01/sheepadoodle-mixed-dog-breed-pictures-cover.jpg,4,4,4,2,5,1,4,4,3,2,4,Mixed Breed Dogs,4
Shepsky,https://dogtime.com/dog-breeds/shepsky,https://dogtime.com/wp-content/uploads/sites/12/2024/01/GettyImages-992460814-e1705419500212.jpg?w=1024,3,1,1,2,4,4,4,4,4,3,5,Mixed Breed Dogs,4
Shetland Sheepdog,https://dogtime.com/dog-breeds/shetland-sheepdog,https://dogtime.com/wp-content/uploads/sites/12/2011/01/GettyImages-518594332-e1692194561378.jpg?w=1024,3,2,3,2,5,5,4,1,3,1,4,Herding Dogs,4
Shiba Inu,https://dogtime.com/dog-breeds/shiba-inu,https://dogtime.com/wp-content/uploads/sites/12/2011/01/GettyImages-653001154-e1691965000531.jpg?w=1024,4,5,4,5,3,4,3,2,4,4,3,Companion Dogs,4
Shichon,https://dogtime.com/dog-breeds/shichon,https://dogtime.com/wp-content/uploads/sites/12/2020/01/shichon-mixed-dog-breed-pictures-cover.jpg,3,5,4,1,5,1,4,2,2,2,4,Mixed Breed Dogs,5
Shih-Poo,https://dogtime.com/dog-breeds/shih-poo,https://dogtime.com/wp-content/uploads/sites/12/2023/12/GettyImages-1487826002-e1702396830635.jpg,3,5,2,2,4,1,3,1,3,2,3,Mixed Breed Dogs,4
Shih Tzu,https://dogtime.com/dog-breeds/shih-tzu,https://dogtime.com/wp-content/uploads/sites/12/2011/01/GettyImages-178920540-e1689348859523.jpg?w=1024,3,5,5,3,5,3,3,1,3,2,3,Companion Dogs,4
Shiranian,https://dogtime.com/dog-breeds/shiranian,https://dogtime.com/wp-content/uploads/sites/12/2019/09/shiranian-mixed-dog-breed-pictures-cover.jpg,3,4,4,2,4,2,2,2,2,2,3,Mixed Breed Dogs,4
Shollie,https://dogtime.com/dog-breeds/shollie,https://dogtime.com/wp-content/uploads/sites/12/2019/11/shollie-mixed-dog-breed-pictures-cover.jpg,3,1,2,2,3,4,3,4,4,3,4,Mixed Breed Dogs,4
Shorkie,https://dogtime.com/dog-breeds/shorkie,https://dogtime.com/wp-content/uploads/sites/12/2023/10/GettyImages-519672843-e1698161294142.jpg?w=1024,3,5,3,1,3,2,2,1,3,4,4,Mixed Breed Dogs,4
Siberian Husky,https://dogtime.com/dog-breeds/siberian-husky,https://dogtime.com/wp-content/uploads/sites/12/2023/11/GettyImages-1454565264-e1701120522406.jpg?w=1024,3,2,1,1,5,3,4,3,4,5,5,Working Dogs,4
Silken Windhound,https://dogtime.com/dog-breeds/silken-windhound,https://dogtime.com/wp-content/uploads/sites/12/2018/10/GettyImages-738776691-e1707006196197.jpg?w=1024,4,4,4,2,4,2,4,3,4,1,4,Hound Dogs,5
Silky Terrier,https://dogtime.com/dog-breeds/silky-terrier,https://dogtime.com/wp-content/uploads/sites/12/2023/10/GettyImages-494831928-1-e1697051827207.jpg?w=1024,3,5,3,3,3,2,4,1,4,4,4,Companion Dogs,4
Skye Terrier,https://dogtime.com/dog-breeds/skye-terrier,https://dogtime.com/wp-content/uploads/sites/12/2023/09/GettyImages-821285322-e1694008412391.jpg?w=1024,4,4,4,2,4,3,5,2,4,4,4,Terrier Dogs,4
Sloughi,https://dogtime.com/dog-breeds/sloughi,https://dogtime.com/wp-content/uploads/sites/12/2023/09/GettyImages-451049741-e1695997544502.jpg?w=1024,3,4,2,3,4,3,3,4,3,2,4,Hound Dogs,4
Small Munsterlander Pointer,https://dogtime.com/dog-breeds/small-munsterlander-pointer,https://dogtime.com/wp-content/uploads/sites/12/2011/01/GettyImages-1210390099-e1710119437177.jpg?w=1024,3,1,2,4,5,3,5,3,4,3,5,Sporting Dogs,4
Soft Coated Wheaten Terrier,https://dogtime.com/dog-breeds/soft-coated-wheaten-terrier,https://dogtime.com/wp-content/uploads/sites/12/2023/09/GettyImages-129254124-e1694793485621.jpg?w=1024,3,5,4,2,5,2,4,3,3,3,4,Terrier Dogs,4
Spanish Mastiff,https://dogtime.com/dog-breeds/spanish-mastiff,https://dogtime.com/wp-content/uploads/sites/12/2020/01/GettyImages-1347184243-e1695256198876.jpg?w=1024,3,2,1,3,3,3,4,5,2,1,3,Working Dogs,3
Spinone Italiano,https://dogtime.com/dog-breeds/spinone-italiano,https://dogtime.com/wp-content/uploads/sites/12/2023/11/GettyImages-934870840-e1700525646592.jpg?w=1024,4,4,4,2,5,3,3,4,3,2,4,Sporting Dogs,4
Springador,https://dogtime.com/dog-breeds/springador,https://dogtime.com/wp-content/uploads/sites/12/2019/11/springador-mixed-dog-breed-pictures-cover.jpg,3,2,3,1,3,1,4,4,4,3,4,Mixed Breed Dogs,4
Stabyhoun,https://dogtime.com/dog-breeds/stabyhoun,https://dogtime.com/wp-content/uploads/sites/12/2011/01/GettyImages-177302476-e1708355460376.jpg?w=1024,3,2,3,3,4,3,5,3,4,3,4,Sporting Dogs,4
Staffordshire Bull Terrier,https://dogtime.com/dog-breeds/staffordshire-bull-terrier,https://dogtime.com/wp-content/uploads/sites/12/2023/09/GettyImages-1418252093-e1695215819445.jpg?w=1024,2,3,1,2,4,3,3,2,3,3,4,Terrier Dogs,4
Standard Schnauzer,https://dogtime.com/dog-breeds/standard-schnauzer,https://dogtime.com/wp-content/uploads/sites/12/2023/10/GettyImages-186512978-e1698415021170.jpg?w=1024,3,4,2,2,3,1,5,3,4,2,5,Working Dogs,4
Sussex Spaniel,https://dogtime.com/dog-breeds/sussex-spaniel,https://dogtime.com/wp-content/uploads/sites/12/2011/01/file_22994_sussex-spaniel.jpg,4,5,5,1,5,3,4,2,3,4,2,Sporting Dogs,4
Swedish Vallhund,https://dogtime.com/dog-breeds/swedish-vallhund,https://dogtime.com/wp-content/uploads/sites/12/2023/09/GettyImages-1131346877-e1694391250949.jpg?w=1024,3,3,1,3,4,4,4,3,3,1,5,Herding Dogs,4
Terripoo,https://dogtime.com/dog-breeds/terripoo,https://dogtime.com/wp-content/uploads/sites/12/2020/01/terripoo-mixed-dog-breed-pictures-cover.jpg,3,5,5,1,4,1,3,1,4,3,4,Mixed Breed Dogs,4
Texas Heeler,https://dogtime.com/dog-breeds/texas-heeler,https://dogtime.com/wp-content/uploads/sites/12/2023/09/animal_blur_blurred_background_canine_close_up_dog_domestic_eyes-1491887.jpg,3,2,3,3,3,4,3,3,4,2,4,Mixed Breed Dogs,4
Tibetan Mastiff,https://dogtime.com/dog-breeds/tibetan-mastiff,https://dogtime.com/wp-content/uploads/sites/12/2023/10/GettyImages-1037524792-e1696604393664.jpg?w=1024,3,1,1,1,4,2,3,5,3,2,3,Working Dogs,4
Tibetan Spaniel,https://dogtime.com/dog-breeds/tibetan-spaniel,https://dogtime.com/wp-content/uploads/sites/12/2023/09/GettyImages-823775834-e1695923749953.jpg,3,5,4,1,4,3,5,1,4,4,4,Companion Dogs,4
Tibetan Terrier,https://dogtime.com/dog-breeds/tibetan-terrier,https://dogtime.com/wp-content/uploads/sites/12/2023/09/GettyImages-10069983-e1695050398838.jpg,4,5,3,1,4,1,5,2,3,2,5,Companion Dogs,4
Toy Fox Terrier,https://dogtime.com/dog-breeds/toy-fox-terrier,https://dogtime.com/wp-content/uploads/sites/12/2023/10/GettyImages-533462277-1-e1698438000362.jpg?w=1024,3,5,3,1,4,4,5,1,4,4,5,Companion Dogs,4
Treeing Tennessee Brindle,https://dogtime.com/dog-breeds/treeing-tennessee-brindle,https://dogtime.com/wp-content/uploads/sites/12/2024/01/Screen-Shot-2024-01-03-at-6.29.33-PM.png,2,1,2,2,4,4,4,3,3,1,4,Hound Dogs,3
Treeing Walker Coonhound,https://dogtime.com/dog-breeds/treeing-walker-coonhound,https://dogtime.com/wp-content/uploads/sites/12/2011/01/GettyImages-167081841-e1691849949983.jpg?w=1024,3,1,2,2,4,3,4,4,4,5,4,Hound Dogs,4
Valley Bulldog,https://dogtime.com/dog-breeds/valley-bulldog,https://dogtime.com/wp-content/uploads/sites/12/2019/09/GettyImages-1250734157-e1708871135182.jpg?w=1024,3,4,3,2,4,4,3,4,3,4,4,Mixed Breed Dogs,3
Vizsla,https://dogtime.com/dog-breeds/vizsla,https://dogtime.com/wp-content/uploads/sites/12/2023/08/GettyImages-1365421484-e1694275663873.jpg?w=1024,3,1,3,1,5,2,4,3,4,5,5,Sporting Dogs,4
Weimaraner,https://dogtime.com/dog-breeds/weimaraner,https://dogtime.com/wp-content/uploads/sites/12/2023/09/GettyImages-91815079-e1694183576543.jpg?w=1024,3,1,2,1,4,4,3,4,4,2,5,Sporting Dogs,4
Welsh Springer Spaniel,https://dogtime.com/dog-breeds/welsh-springer-spaniel,https://dogtime.com/wp-content/uploads/sites/12/2023/09/GettyImages-1394081925-1-e1694782874593.jpg?w=1024,4,4,4,1,4,3,4,3,4,5,5,Sporting Dogs,4
Welsh Terrier,https://dogtime.com/dog-breeds/welsh-terrier,https://dogtime.com/wp-content/uploads/sites/12/2023/09/GettyImages-529370327-e1694035240255.jpg?w=1024,3,3,3,2,5,2,5,2,4,4,5,Terrier Dogs,4
West Highland White Terrier,https://dogtime.com/dog-breeds/west-highland-white-terrier,https://dogtime.com/wp-content/uploads/sites/12/2023/09/GettyImages-467031087-e1693936139162.jpg?w=1024,4,4,4,2,4,4,3,2,4,4,4,Terrier Dogs,4
Westiepoo,https://dogtime.com/dog-breeds/westiepoo,https://dogtime.com/wp-content/uploads/sites/12/2024/01/Screen-Shot-2024-01-03-at-3.13.22-PM-e1704312902803.png,3,3,4,1,4,1,4,2,4,3,4,Mixed Breed Dogs,4
Whippet,https://dogtime.com/dog-breeds/whippet,https://dogtime.com/wp-content/uploads/sites/12/2011/01/GettyImages-150525400-e1692215312613.jpg?w=1024,3,5,3,2,5,2,4,3,4,1,4,Hound Dogs,4
Whoodle,https://dogtime.com/dog-breeds/whoodle,https://dogtime.com/wp-content/uploads/sites/12/2024/03/GettyImages-1208659674-e1710355758196.jpg?w=1024,3,4,1,1,4,2,4,3,2,1,4,Mixed Breed Dogs,4
Wirehaired Pointing Griffon,https://dogtime.com/dog-breeds/wirehaired-pointing-griffon,https://dogtime.com/wp-content/uploads/sites/12/2023/09/GettyImages-849548232-e1695914473398.jpg?w=1024,3,1,3,1,5,1,4,3,4,4,4,Sporting Dogs,4
Xoloitzcuintli,https://dogtime.com/dog-breeds/xoloitzuintli,https://dogtime.com/wp-content/uploads/sites/12/2019/05/GettyImages-1536093794-e1693762449380.jpg?w=1024,3,5,1,1,3,5,5,3,4,5,3,Companion Dogs,5
Yorkipoo,https://dogtime.com/dog-breeds/yorkipoo,https://dogtime.com/wp-content/uploads/sites/12/2011/01/GettyImages-1424309337-e1692548749462.jpg?w=1024,4,5,5,3,4,1,3,1,4,5,4,Hybrid Dogs,4
Yorkshire Terrier,https://dogtime.com/dog-breeds/yorkshire-terrier,https://dogtime.com/wp-content/uploads/sites/12/2011/01/GettyImages-1095667204-e1689790392229.jpg?w=1024,3,5,4,2,3,2,4,1,3,3,5,Companion Dogs,4
